"TOA5","CR200Series_302","CR2xx","","v05","Sapflux2sensor.","63887","Table1"
"TIMESTAMP","RECORD","BattV_Min","id","SDI0","SapFlwTot0","VhOuter0","VhInner0","AlphaOut0","AlphaIn0","BetaOut0","BetaIn0","tMaxTout0","tMaxTin0"
"TS","RN","Volts","","","literPerHo","heatVeloci","heatVeloci","logTRatio","logTRatio","logTRatio","logTRatio","second","second"
"","","Min","Smp","Smp","Smp","Smp","Smp","Smp","Smp","Smp","Smp","Smp","Smp"
"2024-05-15 10:30:00",1300,11.87051,302,0,0.046,1.15,0.88,0.06072,0.04672,0.0737,0.08639,50.892,42.068
"2024-05-15 11:00:00",1301,12.64866,302,0,0.04,0.97,0.83,0.0511,0.04434,0.06884,0.08208,51.531,41.731
"2024-05-15 11:30:00",1302,12.66126,302,0,0,-0.51,0.65,-0.02811,0.03452,0.01944,0.07499,46.679,42.423
"2024-05-15 12:00:00",1303,12.66126,302,0,0.066,1.92,0.97,0.10192,0.05172,0.10973,0.08506,53.717,41.577
"2024-05-15 12:30:00",1304,12.65958,302,0,0.046,1.03,1.08,0.05448,0.05736,0.0887,0.09414,45.705,41.605
"2024-05-15 13:00:00",1305,12.65622,302,0,0.048,1.15,1.03,0.0614,0.05516,0.08282,0.09216,52.152,40.42
"2024-05-15 13:30:00",1306,12.64699,302,0,0.061,1.65,1.02,0.08786,0.0538,0.08724,0.08698,54.102,43.464
"2024-05-15 14:00:00",1307,12.64866,302,0,0.05,1.15,1.13,0.0614,0.06044,0.08191,0.09298,52.754,41.29
"2024-05-15 14:30:00",1308,12.63775,302,0,0.045,0.83,1.27,0.04392,0.06691,0.08054,0.10077,53.126,42.071
"2024-05-15 15:00:00",1309,12.64279,302,0,0.103,3.02,1.43,0.15988,0.07594,0.14883,0.10492,53.523,41.798
"2024-05-15 15:30:00",1310,12.64027,302,0,0.074,1.77,1.57,0.09399,0.08318,0.105,0.10905,53.186,40.884
"2024-05-15 16:00:00",1311,12.63691,302,0,0.064,1.35,1.6,0.07164,0.08466,0.09172,0.11066,45.895,41.487
"2024-05-15 16:30:00",1312,12.63775,302,0,0.086,2.02,1.85,0.10728,0.09838,0.11496,0.12286,53.901,42.02
"2024-05-15 17:00:00",1313,12.63859,302,0,0.066,1.27,1.83,0.067,0.09704,0.07236,0.12308,53.083,42.444
"2024-05-15 17:30:00",1314,12.62432,302,0,0.074,1.63,1.75,0.08698,0.09304,0.09956,0.11997,51.349,41.129
"2024-05-15 18:00:00",1315,12.63104,302,0,0.079,1.9,1.65,0.10091,0.08779,0.10671,0.1173,51.083,42.106
"2024-05-15 18:30:00",1316,12.62684,302,0,0.049,0.72,1.67,0.03818,0.0884,0.05661,0.1173,46.478,40.718
"2024-05-15 19:00:00",1317,12.62432,302,0,0.074,1.7,1.65,0.09072,0.08756,0.09595,0.11509,53.007,41.958
"2024-05-15 19:30:00",1318,12.59494,302,0,0.073,1.7,1.6,0.0901,0.08518,0.09804,0.11509,51.341,41.952
"2024-05-15 20:00:00",1319,12.62432,302,0,0.068,1.57,1.52,0.08286,0.08058,0.09284,0.11098,51.974,42.066
"2024-05-15 20:30:00",1320,12.61761,302,0,0.065,1.52,1.43,0.08054,0.07594,0.09072,0.10905,51.772,41.861
"2024-05-15 21:00:00",1321,12.61593,302,0,0.06,1.4,1.3,0.07408,0.06881,0.08462,0.10274,51.201,41.29
"2024-05-15 21:30:00",1322,12.61173,302,0,0.056,1.33,1.22,0.07098,0.06439,0.08311,0.09863,51.759,41.693
"2024-05-15 22:00:00",1323,12.59578,302,0,0.057,1.37,1.22,0.0728,0.06448,0.0832,0.0988,51.494,41.17
"2024-05-15 22:30:00",1324,12.58319,302,0,0.054,1.28,1.17,0.06788,0.06212,0.08182,0.0988,51.593,41.944
"2024-05-15 23:00:00",1325,12.60082,302,0,0.053,1.27,1.12,0.06759,0.05974,0.08002,0.09666,51.629,41.31
"2024-05-15 23:30:00",1326,12.59326,302,0,0.053,1.27,1.12,0.06759,0.05974,0.08159,0.0947,51.684,41.206
"2024-05-16 00:00:00",1327,12.57647,302,0,0.056,1.35,1.18,0.0718,0.06256,0.08234,0.09728,51.337,41.428
"2024-05-16 00:30:00",1328,12.57563,302,0,0.053,1.3,1.08,0.06916,0.05764,0.08159,0.0949,51.231,41.326
"2024-05-16 01:00:00",1329,12.57647,302,0,0.053,1.28,1.08,0.068,0.05782,0.07887,0.09292,51.368,42.295
"2024-05-16 01:30:00",1330,12.58151,302,0,0.054,1.32,1.13,0.06956,0.06018,0.08182,0.09509,52.266,41.113
"2024-05-16 02:00:00",1331,12.5899,302,0,0.058,1.43,1.18,0.07609,0.06271,0.08488,0.09746,51.435,41.374
"2024-05-16 02:30:00",1332,12.58655,302,0,0.054,1.32,1.13,0.06969,0.06034,0.0822,0.09528,50.982,41.9
"2024-05-16 03:00:00",1333,12.58655,302,0,0.054,1.33,1.08,0.07068,0.05795,0.0814,0.09509,51.8,40.907
"2024-05-16 03:30:00",1334,12.56304,302,0,0.052,1.27,1.08,0.06746,0.05782,0.0799,0.09509,51.482,41.574
"2024-05-16 04:00:00",1335,12.57395,302,0,0.051,1.2,1.08,0.06387,0.05755,0.07656,0.09272,51.374,42.143
"2024-05-16 04:30:00",1336,12.57899,302,0,0.053,1.32,1.05,0.06956,0.0554,0.08027,0.09292,51.564,41.922
"2024-05-16 05:00:00",1337,12.57479,302,0,0.055,1.37,1.08,0.0728,0.05782,0.08642,0.0949,51.771,41.712
"2024-05-16 05:30:00",1338,12.56892,302,0,0.053,1.3,1.08,0.0694,0.05764,0.08167,0.09272,51.591,41.129
"2024-05-16 06:00:00",1339,12.57312,302,0,0.054,1.35,1.08,0.07126,0.05712,0.08052,0.09216,52.01,41.801
"2024-05-16 06:30:00",1340,12.56472,302,0,0.054,1.3,1.12,0.06872,0.05948,0.08118,0.09645,52.08,42.179
"2024-05-16 07:00:00",1341,12.55633,302,0,0.054,1.32,1.12,0.06952,0.05908,0.08052,0.09414,52.41,41.778
"2024-05-16 07:30:00",1342,12.56472,302,0,0.054,1.22,1.27,0.06492,0.06768,0.0776,0.09978,52.833,41.526
"2024-05-16 08:00:00",1343,12.56724,302,0,0.063,1.47,1.4,0.07812,0.07426,0.08796,0.10168,53.537,41.978
"2024-05-16 08:30:00",1344,12.56388,302,0,0.071,1.67,1.57,0.0884,0.08288,0.09787,0.1077,54.758,43.194
"2024-05-16 09:00:00",1345,12.5664,302,0,0.073,1.6,1.73,0.08462,0.09209,0.09804,0.11995,52.732,41.424
"2024-05-16 09:30:00",1346,12.55884,302,0,0.078,1.65,1.95,0.08756,0.1032,0.09484,0.1281,52.744,41.589
"2024-05-16 10:00:00",1347,12.55717,302,0,0.081,1.63,2.12,0.08712,0.11274,0.1023,0.1324,51.461,42.636
"2024-05-16 10:30:00",1348,12.56052,302,0,0.098,2.13,2.35,0.1137,0.12474,0.11935,0.14282,55.837,43.7
"2024-05-16 11:00:00",1349,12.56136,302,0,0.106,2.3,2.53,0.12212,0.13468,0.12894,0.15102,55.514,42.965
"2024-05-16 11:30:00",1350,12.56556,302,0,0.104,1.98,2.85,0.10497,0.15178,0.12093,0.1612,55.626,42.911
"2024-05-16 12:00:00",1351,12.55633,302,0,0.027,-0.74,2.43,-0.04085,0.12919,-0.03433,0.14956,47.727,43.888
"2024-05-16 12:30:00",1352,12.56388,302,0,0.131,2.68,3.38,0.14226,0.17967,0.14502,0.18656,45.275,41.02
"2024-05-16 13:00:00",1353,12.56472,302,0,0.141,3.03,3.45,0.1615,0.18314,0.16679,0.18567,56.526,43.971
"2024-05-16 13:30:00",1354,12.54625,302,0,0.148,3.43,3.3,0.18233,0.17564,0.17972,0.17858,54.756,42.202
"2024-05-16 14:00:00",1355,12.56388,302,0,0.168,4.17,3.38,0.22121,0.17978,0.2317,0.18153,50.537,44.777
"2024-05-16 14:30:00",1356,12.54122,302,0,0.137,3,3.28,0.15969,0.17455,0.15412,0.18002,51.432,43.031
"2024-05-16 15:00:00",1357,12.56052,302,0,0.101,1.83,2.9,0.09731,0.15412,0.10324,0.1655,50.257,42.681
"2024-05-16 15:30:00",1358,12.56136,302,0,0.188,4.98,3.33,0.26426,0.17729,0.23658,0.17668,74.301,42.816
"2024-05-16 16:00:00",1359,12.54961,302,0,0.136,2.98,3.25,0.1588,0.17289,0.14864,0.17696,53.28,42.239
"2024-05-16 16:30:00",1360,12.55801,302,0,0.128,2.78,3.1,0.14812,0.1647,0.14902,0.17162,52.364,41.474
"2024-05-16 17:00:00",1361,12.55633,302,0,0.124,2.67,3.03,0.14181,0.16108,0.14104,0.17,50.663,42.105
"2024-05-16 17:30:00",1362,12.54877,302,0,0.118,2.67,2.72,0.14144,0.1443,0.13988,0.15542,51.968,42.056
"2024-05-16 18:00:00",1363,12.54457,302,0,0.103,2.32,2.38,0.12308,0.1266,0.12932,0.14642,51.487,42.259
"2024-05-16 18:30:00",1364,12.52107,302,0,0.096,2.18,2.17,0.11592,0.11472,0.12277,0.13572,51.326,42.248
"2024-05-16 19:00:00",1365,12.54122,302,0,0.09,2.03,2.08,0.1079,0.11059,0.1166,0.1341,52.443,42.378
"2024-05-16 19:30:00",1366,12.52527,302,0,0.091,2.07,2.08,0.10938,0.1108,0.1166,0.13432,52.583,41.69
"2024-05-16 20:00:00",1367,12.53198,302,0,0.09,2.03,2.05,0.10809,0.10884,0.11504,0.12816,51.834,41.204
"2024-05-16 20:30:00",1368,12.53114,302,0,0.085,1.97,1.88,0.10476,0.0998,0.11193,0.12448,51.941,41.881
"2024-05-16 21:00:00",1369,12.52527,302,0,0.086,2.12,1.75,0.1123,0.09302,0.11876,0.12027,50.722,41.344
"2024-05-16 21:30:00",1370,12.52023,302,0,0.073,1.72,1.57,0.0911,0.08324,0.10236,0.11402,51.936,40.633
"2024-05-16 22:00:00",1371,12.49589,302,0,0.071,1.65,1.55,0.08788,0.08264,0.09778,0.11134,51.677,41.879
"2024-05-16 22:30:00",1372,12.51268,302,0,0.067,1.58,1.47,0.08443,0.07778,0.09604,0.10914,52.083,41.196
"2024-05-16 23:00:00",1373,12.51184,302,0,0.066,1.55,1.42,0.08263,0.0755,0.09448,0.10508,51.451,41.385
"2024-05-16 23:30:00",1374,12.511,302,0,0.065,1.53,1.42,0.08141,0.07564,0.09169,0.10734,51.475,42.08
"2024-05-17 00:00:00",1375,12.50764,302,0,0.065,1.53,1.38,0.08126,0.0732,0.09154,0.10508,51.554,41.904
"2024-05-17 00:30:00",1376,12.49841,302,0,0.062,1.48,1.33,0.07854,0.07059,0.09082,0.10288,51.624,41.971
"2024-05-17 01:00:00",1377,12.49757,302,0,0.06,1.42,1.28,0.07499,0.06771,0.08742,0.10024,50.909,42.499
"2024-05-17 01:30:00",1378,12.49589,302,0,0.059,1.37,1.33,0.07243,0.07042,0.08657,0.10068,52.494,41.441
"2024-05-17 02:00:00",1379,12.4833,302,0,0.061,1.42,1.33,0.07536,0.07042,0.08601,0.10288,52.666,41.506
"2024-05-17 02:30:00",1380,12.49001,302,0,0.054,1.27,1.2,0.06719,0.0633,0.08303,0.09648,52.197,41.712
"2024-05-17 03:00:00",1381,12.48833,302,0,0.058,1.35,1.28,0.07145,0.06771,0.0825,0.10048,52.029,41.962
"2024-05-17 03:30:00",1382,12.48833,302,0,0.057,1.35,1.23,0.07164,0.0654,0.08275,0.09848,52.378,40.654
"2024-05-17 04:00:00",1383,12.48581,302,0,0.056,1.32,1.23,0.0703,0.0654,0.08145,0.09848,51.559,41.492
"2024-05-17 04:30:00",1384,12.4791,302,0,0.054,1.3,1.15,0.0686,0.06087,0.08145,0.09449,52.326,41.589
"2024-05-17 05:00:00",1385,12.48413,302,0,0.055,1.3,1.2,0.06896,0.06344,0.08016,0.0947,52.219,41.482
"2024-05-17 05:30:00",1386,12.48246,302,0,0.057,1.35,1.2,0.07204,0.06344,0.08318,0.0969,51.818,41.18
"2024-05-17 06:00:00",1387,12.4791,302,0,0.054,1.27,1.15,0.06695,0.06102,0.0799,0.0967,52.169,42.103
"2024-05-17 06:30:00",1388,12.47574,302,0,0.055,1.32,1.18,0.07018,0.06318,0.08128,0.09648,52.18,41.856
"2024-05-17 07:00:00",1389,12.46399,302,0,0.057,1.37,1.2,0.07216,0.0633,0.08657,0.0967,52.174,41.952
"2024-05-17 07:30:00",1390,12.47154,302,0,0.06,1.45,1.23,0.07674,0.06556,0.08768,0.09869,52.171,42.26
"2024-05-17 08:00:00",1391,12.46651,302,0,0.061,1.47,1.27,0.07785,0.06736,0.08715,0.10048,53.153,41.168
"2024-05-17 08:30:00",1392,12.46651,302,0,0.064,1.52,1.35,0.08028,0.07164,0.0881,0.10224,53.542,42.657
"2024-05-17 09:00:00",1393,12.46231,302,0,0.066,1.55,1.43,0.08274,0.07649,0.09192,0.10671,52.314,41.834
"2024-05-17 09:30:00",1394,12.46567,302,0,0.068,1.55,1.53,0.08234,0.08128,0.09448,0.11086,51.953,42.458
"2024-05-17 10:00:00",1395,12.45475,302,0,0.075,1.78,1.6,0.09492,0.08454,0.10168,0.11376,52.402,41.917
"2024-05-17 10:30:00",1396,12.46315,302,0,0.075,1.77,1.63,0.09373,0.08656,0.10123,0.11384,53.777,42.884
"2024-05-17 11:00:00",1397,12.46651,302,0,0.077,1.78,1.73,0.09466,0.0924,0.10308,0.12098,52.485,41.745
"2024-05-17 11:30:00",1398,12.46315,302,0,0.086,1.98,1.92,0.1057,0.10219,0.11078,0.12564,53.514,42.621
"2024-05-17 12:00:00",1399,12.46147,302,0,0.085,1.98,1.88,0.1057,0.09998,0.112,0.12144,52.858,41.802
"2024-05-17 12:30:00",1400,12.43461,302,0,0.09,2.28,1.75,0.12093,0.09304,0.1227,0.1175,53.9,42.587
"2024-05-17 13:00:00",1401,12.46231,302,0,0.08,1.85,1.77,0.09799,0.09372,0.10763,0.12196,51.731,42.492
"2024-05-17 13:30:00",1402,12.46231,302,0,0.064,1.25,1.73,0.06678,0.09223,0.07869,0.12068,51.983,42.9
"2024-05-17 14:00:00",1403,12.45727,302,0,0.091,2.25,1.85,0.11914,0.0984,0.12078,0.12226,54.453,42.314
"2024-05-17 14:30:00",1404,12.45559,302,0,0.075,1.67,1.75,0.08822,0.09328,0.0984,0.12174,51.973,42.064
"2024-05-17 15:00:00",1405,12.43545,302,0,0.082,1.83,1.9,0.09766,0.10123,0.10634,0.12294,53.636,42.324
"2024-05-17 15:30:00",1406,12.45391,302,0,0.084,1.97,1.85,0.10425,0.0984,0.11238,0.12196,52.643,42.007
"2024-05-17 16:00:00",1407,12.44972,302,0,0.082,1.92,1.82,0.10166,0.0968,0.1087,0.12098,53.383,42.641
"2024-05-17 16:30:00",1408,12.44972,302,0,0.08,1.85,1.77,0.09788,0.09392,0.1093,0.12027,51.571,41.92
"2024-05-17 17:00:00",1409,12.44552,302,0,0.08,1.85,1.77,0.09818,0.09346,0.10904,0.12154,50.94,41.706
"2024-05-17 17:30:00",1410,12.44888,302,0,0.073,1.65,1.67,0.08788,0.08827,0.10098,0.117,51.348,40.451
"2024-05-17 18:00:00",1411,12.43377,302,0,0.074,1.72,1.62,0.09082,0.08593,0.09927,0.11272,51.713,42.218
"2024-05-17 18:30:00",1412,12.44132,302,0,0.066,1.47,1.57,0.07748,0.08344,0.09134,0.1105,51.546,41.637
"2024-05-17 19:00:00",1413,12.44216,302,0,0.071,1.63,1.57,0.08686,0.08324,0.09701,0.1105,52.267,42.049
"2024-05-17 19:30:00",1414,12.41362,302,0,0.067,1.57,1.48,0.08339,0.07848,0.09387,0.10849,51.866,40.971
"2024-05-17 20:00:00",1415,12.43713,302,0,0.065,1.52,1.43,0.08045,0.07639,0.09101,0.10647,50.987,41.336
"2024-05-17 20:30:00",1416,12.43629,302,0,0.063,1.48,1.35,0.07848,0.07145,0.08928,0.10222,51.813,41.07
"2024-05-17 21:00:00",1417,12.43377,302,0,0.059,1.38,1.3,0.07304,0.06896,0.08568,0.10198,52.067,42.161
"2024-05-17 21:30:00",1418,12.43125,302,0,0.059,1.42,1.27,0.07526,0.06701,0.08946,0.10036,51.604,40.969
"2024-05-17 22:00:00",1419,12.42957,302,0,0.058,1.38,1.22,0.07343,0.06466,0.08454,0.09813,51.988,40.84
"2024-05-17 22:30:00",1420,12.42453,302,0,0.055,1.28,1.22,0.06802,0.06439,0.08264,0.09792,51.219,41.572
"2024-05-17 23:00:00",1421,12.42034,302,0,0.06,1.48,1.18,0.07901,0.06265,0.0899,0.09654,52.432,42.108
"2024-05-17 23:30:00",1422,12.42286,302,0,0.059,1.42,1.22,0.07487,0.06448,0.08583,0.09813,50.735,41.768
"2024-05-18 00:00:00",1423,12.41866,302,0,0.055,1.32,1.17,0.07019,0.06232,0.08311,0.09631,51.015,41.525
"2024-05-18 00:30:00",1424,12.41866,302,0,0.057,1.37,1.18,0.07262,0.0625,0.08539,0.09631,51.594,40.701
"2024-05-18 01:00:00",1425,12.40607,302,0,0.056,1.35,1.17,0.07137,0.06218,0.08425,0.09404,51.477,42.248
"2024-05-18 01:30:00",1426,12.41698,302,0,0.054,1.33,1.08,0.07087,0.05728,0.08371,0.09387,51.854,42.206
"2024-05-18 02:00:00",1427,12.4111,302,0,0.051,1.22,1.08,0.06448,0.05728,0.0807,0.0918,51.583,41.521
"2024-05-18 02:30:00",1428,12.38508,302,0,0.054,1.33,1.08,0.0705,0.05712,0.0834,0.09166,52.061,41.012
"2024-05-18 03:00:00",1429,12.40691,302,0,0.051,1.27,1.02,0.06695,0.05443,0.08016,0.09146,52.139,42.071
"2024-05-18 03:30:00",1430,12.40775,302,0,0.051,1.23,1.07,0.0655,0.05686,0.07872,0.09166,51.931,42.121
"2024-05-18 04:00:00",1431,12.40775,302,0,0.052,1.23,1.12,0.06528,0.05956,0.08454,0.09387,50.224,42.228
"2024-05-18 04:30:00",1432,12.40523,302,0,0.052,1.27,1.08,0.06754,0.05712,0.0807,0.09166,52.042,41.971
"2024-05-18 05:00:00",1433,12.39767,302,0,0.053,1.3,1.08,0.06908,0.05712,0.08054,0.09166,51.883,42.073
"2024-05-18 05:30:00",1434,12.40691,302,0,0.053,1.28,1.12,0.06778,0.05947,0.08082,0.09166,51.85,41.943
"2024-05-18 06:00:00",1435,12.39935,302,0,0.052,1.25,1.08,0.06608,0.05712,0.07922,0.09166,51.345,41.696
"2024-05-18 06:30:00",1436,12.40103,302,0,0.05,1.27,0.98,0.0673,0.05214,0.07872,0.09146,52.522,42.044
"2024-05-18 07:00:00",1437,12.39935,302,0,0.053,1.3,1.07,0.06908,0.05698,0.0804,0.0894,51.898,41.991
"2024-05-18 07:30:00",1438,12.39431,302,0,0.05,1.23,0.98,0.06587,0.05198,0.0788,0.08698,52.634,40.909
"2024-05-18 08:00:00",1439,12.39683,302,0,0.054,1.38,1.03,0.07328,0.0547,0.08281,0.0894,51.746,41.428
"2024-05-18 08:30:00",1440,12.39264,302,0,0.051,1.3,0.98,0.06896,0.05198,0.08213,0.08902,52.209,42.146
"2024-05-18 09:00:00",1441,12.3918,302,0,0.052,1.35,0.98,0.07204,0.05214,0.0833,0.08922,51.561,42.064
"2024-05-18 09:30:00",1442,12.39264,302,0,0.046,1.07,1,0.0563,0.05273,0.08138,0.08754,49.749,40.928
"2024-05-18 10:00:00",1443,12.36577,302,0,0.049,1.25,0.93,0.06669,0.04946,0.07977,0.0868,52.832,41.266
"2024-05-18 10:30:00",1444,12.3918,302,0,0.045,1.07,0.98,0.05654,0.05226,0.07051,0.08718,51.285,40.964
"2024-05-18 11:00:00",1445,12.36577,302,0,0.045,1.08,0.93,0.05722,0.04994,0.07248,0.08736,50.48,41.243
"2024-05-18 11:30:00",1446,12.38592,302,0,0.053,1.32,1.03,0.0703,0.0547,0.08642,0.08736,51.265,42.18
"2024-05-18 12:00:00",1447,12.38424,302,0,0.053,1.37,0.98,0.07266,0.05226,0.08728,0.08736,52.074,40.919
"2024-05-18 12:30:00",1448,12.38424,302,0,0.044,1.07,0.92,0.05666,0.04902,0.07336,0.0842,51.046,41.808
"2024-05-18 13:00:00",1449,12.38256,302,0,0.043,0.98,0.98,0.0521,0.05238,0.07257,0.08736,50.006,41.029
"2024-05-18 13:30:00",1450,12.37836,302,0,0.048,1.12,1.03,0.05896,0.05494,0.0788,0.0918,49.839,41.848
"2024-05-18 14:00:00",1451,12.38256,302,0,0.052,1.22,1.13,0.06496,0.06016,0.07987,0.09449,51.792,40.901
"2024-05-18 14:30:00",1452,12.35402,302,0,0.017,-0.04,0.95,-0.00395,0.05055,0.00185,0.08999,53.824,40.856
"2024-05-18 15:00:00",1453,12.37669,302,0,0.052,1.27,1.08,0.06688,0.05743,0.0832,0.09427,51.368,41.298
"2024-05-18 15:30:00",1454,12.37501,302,0,0.048,1.12,1.07,0.05974,0.05686,0.08095,0.0894,50.97,41.475
"2024-05-18 16:00:00",1455,12.34731,302,0,0.048,1.18,0.98,0.06318,0.05198,0.07977,0.08718,51.033,42.215
"2024-05-18 16:30:00",1456,12.37501,302,0,0.046,1.1,1,0.05864,0.053,0.07383,0.09016,51.641,40.748
"2024-05-18 17:00:00",1457,12.37501,302,0,0.049,1.2,0.98,0.0633,0.05184,0.07662,0.08922,51.509,41.7
"2024-05-18 17:30:00",1458,12.37333,302,0,0.047,1.1,1.03,0.05864,0.05494,0.0788,0.09202,50.83,42.009
"2024-05-18 18:00:00",1459,12.36997,302,0,0.048,1.15,1.03,0.06145,0.05494,0.07977,0.08978,50.808,41.577
"2024-05-18 18:30:00",1460,12.36829,302,0,0.05,1.17,1.08,0.06196,0.0577,0.07869,0.0924,51.559,41.491
"2024-05-18 19:00:00",1461,12.36577,302,0,0.047,1.1,1.03,0.05802,0.05508,0.07654,0.08999,51.027,42.209
"2024-05-18 19:30:00",1462,12.35822,302,0,0.052,1.27,1.05,0.06724,0.05533,0.08028,0.0924,50.955,41.881
"2024-05-18 20:00:00",1463,12.35822,302,0,0.052,1.2,1.13,0.06368,0.06029,0.0804,0.09466,50.981,40.917
"2024-05-18 20:30:00",1464,12.3641,302,0,0.054,1.3,1.13,0.06872,0.06016,0.08508,0.09466,51.595,40.542
"2024-05-18 21:00:00",1465,12.33471,302,0,0.052,1.27,1.08,0.067,0.0577,0.08191,0.0924,51.203,41.708
"2024-05-18 21:30:00",1466,12.34898,302,0,0.051,1.25,1.03,0.06678,0.05508,0.08002,0.09016,52.392,40.664
"2024-05-18 22:00:00",1467,12.35738,302,0,0.049,1.17,1.05,0.06171,0.05533,0.0768,0.09038,51.843,41.367
"2024-05-18 22:30:00",1468,12.35318,302,0,0.047,1.15,0.98,0.06126,0.0525,0.07642,0.08999,51.573,41.255
"2024-05-18 23:00:00",1469,12.35318,302,0,0.05,1.23,1,0.06508,0.05273,0.08339,0.09016,51.294,41.645
"2024-05-18 23:30:00",1470,12.35318,302,0,0.047,1.13,1,0.05993,0.05273,0.07694,0.08812,51.361,41.965
"2024-05-19 00:00:00",1471,12.3515,302,0,0.048,1.13,1.03,0.05993,0.0552,0.07694,0.09038,51.814,40.761
"2024-05-19 00:30:00",1472,12.35234,302,0,0.049,1.17,1.03,0.06177,0.0552,0.07854,0.09038,51.656,41.743
"2024-05-19 01:00:00",1473,12.34982,302,0,0.047,1.13,1,0.05987,0.05273,0.0752,0.08812,51.239,42.417
"2024-05-19 01:30:00",1474,12.34731,302,0,0.046,1.13,0.95,0.05993,0.05055,0.07532,0.08829,52.048,41.157
"2024-05-19 02:00:00",1475,12.34982,302,0,0.046,1.07,1,0.05624,0.05273,0.07184,0.09038,52.183,41.287
"2024-05-19 02:30:00",1476,12.34731,302,0,0.045,1.07,0.95,0.05624,0.0503,0.07184,0.08607,51.605,41.383
"2024-05-19 03:00:00",1477,12.34563,302,0,0.046,1.1,1,0.05814,0.05273,0.07362,0.08607,51.332,41.945
"2024-05-19 03:30:00",1478,12.34227,302,0,0.046,1.13,0.95,0.05993,0.05042,0.07532,0.08829,51.793,42.149
"2024-05-19 04:00:00",1479,12.34227,302,0,0.045,1.07,0.95,0.05632,0.0503,0.07027,0.08607,51.636,41.73
"2024-05-19 04:30:00",1480,12.34143,302,0,0.044,1.03,0.95,0.05471,0.05042,0.07037,0.08829,51.656,41.59
"2024-05-19 05:00:00",1481,12.31793,302,0,0.045,1.07,0.95,0.05624,0.05042,0.07015,0.08607,50.652,41.262
"2024-05-19 05:30:00",1482,12.31373,302,0,0.042,1,0.9,0.05288,0.04798,0.07027,0.08607,51.951,41.888
"2024-05-19 06:00:00",1483,12.33387,302,0,0.043,1,0.95,0.0531,0.05055,0.06884,0.08624,51.335,42.101
"2024-05-19 06:30:00",1484,12.33471,302,0,0.043,1.02,0.9,0.05443,0.04798,0.07015,0.08396,51.596,42.103
"2024-05-19 07:00:00",1485,12.30869,302,0,0.043,1.03,0.9,0.05448,0.04786,0.07027,0.08607,50.786,41.962
"2024-05-19 07:30:00",1486,12.33471,302,0,0.044,1.02,0.98,0.05434,0.05261,0.0684,0.08812,51.504,41.282
"2024-05-19 08:00:00",1487,12.33555,302,0,0.046,1.08,0.98,0.05722,0.05226,0.07112,0.08568,52.145,42.075
"2024-05-19 08:30:00",1488,12.33304,302,0,0.05,1.23,1.02,0.06587,0.05443,0.07766,0.08754,52.257,42.6
"2024-05-19 09:00:00",1489,12.3322,302,0,0.047,1.02,1.15,0.05378,0.06102,0.07248,0.09346,53.031,42.541
"2024-05-19 09:30:00",1490,12.33136,302,0,0.053,1.2,1.2,0.0636,0.06344,0.08228,0.09772,51.405,42.168
"2024-05-19 10:00:00",1491,12.33304,302,0,0.051,1.07,1.28,0.05661,0.06816,0.07396,0.09772,50.682,41.601
"2024-05-19 10:30:00",1492,12.32968,302,0,0.07,1.7,1.43,0.09034,0.07635,0.09988,0.10312,53.416,42.675
"2024-05-19 11:00:00",1493,12.33975,302,0,0.068,1.52,1.6,0.08076,0.08512,0.08547,0.11073,53.178,42.019
"2024-05-19 11:30:00",1494,12.32884,302,0,0.081,1.97,1.67,0.10462,0.0888,0.11193,0.11452,54.363,43.05
"2024-05-19 12:00:00",1495,12.33387,302,0,0.071,1.57,1.68,0.08339,0.08904,0.08827,0.1165,53.02,41.706
"2024-05-19 12:30:00",1496,12.30617,302,0,0.096,2.45,1.83,0.13028,0.09748,0.13264,0.11849,55.153,42.594
"2024-05-19 13:00:00",1497,12.33639,302,0,0.093,2.33,1.85,0.12404,0.09866,0.12616,0.11927,54.372,42.642
"2024-05-19 13:30:00",1498,12.30953,302,0,0.087,2,1.95,0.10664,0.10333,0.11296,0.12716,51.353,42.271
"2024-05-19 14:00:00",1499,12.32464,302,0,0.093,2.2,2.02,0.11654,0.10686,0.1213,0.12836,53.807,42.492
"2024-05-19 14:30:00",1500,12.33555,302,0,0.078,1.62,2,0.08622,0.10656,0.09449,0.1265,54.506,43.197
"2024-05-19 15:00:00",1501,12.33555,302,0,0.095,2.2,2.08,0.11712,0.11093,0.12442,0.13176,52.204,42.705
"2024-05-19 15:30:00",1502,12.33052,302,0,0.094,2.12,2.15,0.11222,0.11438,0.11472,0.1352,51.284,42.042
"2024-05-19 16:00:00",1503,12.3322,302,0,0.101,2.4,2.18,0.12739,0.11634,0.13124,0.1364,52.52,41.619
"2024-05-19 16:30:00",1504,12.33136,302,0,0.097,2.22,2.17,0.11756,0.11548,0.12524,0.13381,52.198,41.714
"2024-05-19 17:00:00",1505,12.32548,302,0,0.098,2.25,2.22,0.11948,0.11749,0.12468,0.13729,51.342,41.84
"2024-05-19 17:30:00",1506,12.32296,302,0,0.097,2.22,2.17,0.11799,0.11463,0.12194,0.137,51.494,42.104
"2024-05-19 18:00:00",1507,12.31625,302,0,0.091,2.07,2.07,0.10972,0.10972,0.11918,0.1306,51.913,42.834
"2024-05-19 18:30:00",1508,12.32632,302,0,0.088,2.03,1.97,0.10798,0.10486,0.11414,0.12831,51.977,40.666
"2024-05-19 19:00:00",1509,12.32212,302,0,0.088,2.02,1.98,0.10684,0.10532,0.11634,0.1309,52.605,41.446
"2024-05-19 19:30:00",1510,12.31709,302,0,0.084,1.93,1.9,0.10304,0.10069,0.11111,0.12682,52.086,42.279
"2024-05-19 20:00:00",1511,12.31793,302,0,0.083,1.93,1.8,0.1023,0.09555,0.11018,0.11983,50.566,42.317
"2024-05-19 20:30:00",1512,12.31709,302,0,0.077,1.83,1.62,0.09702,0.08588,0.10532,0.11364,51.968,41.485
"2024-05-19 21:00:00",1513,12.30701,302,0,0.073,1.72,1.6,0.09146,0.08489,0.10041,0.11264,52.198,41.56
"2024-05-19 21:30:00",1514,12.31205,302,0,0.066,1.57,1.4,0.08286,0.07478,0.09384,0.10583,52.211,41.318
"2024-05-19 22:00:00",1515,12.31205,302,0,0.065,1.52,1.42,0.08045,0.07536,0.0914,0.10626,51.55,41.071
"2024-05-19 22:30:00",1516,12.30869,302,0,0.067,1.55,1.47,0.08218,0.07806,0.09302,0.1065,51.897,41.422
"2024-05-19 23:00:00",1517,12.30365,302,0,0.062,1.45,1.33,0.07674,0.07083,0.08786,0.10443,51.472,41.411
"2024-05-19 23:30:00",1518,12.27931,302,0,0.061,1.48,1.28,0.07872,0.06846,0.08992,0.10236,51.29,41.381
"2024-05-20 00:00:00",1519,12.29862,302,0,0.061,1.45,1.28,0.07674,0.06828,0.0896,0.10004,51.686,41.366
"2024-05-20 00:30:00",1520,12.29862,302,0,0.058,1.4,1.23,0.0745,0.06576,0.08598,0.10004,51.792,41.574
"2024-05-20 01:00:00",1521,12.29778,302,0,0.058,1.38,1.23,0.07315,0.06576,0.08462,0.10004,51.439,41.375
"2024-05-20 01:30:00",1522,12.29946,302,0,0.06,1.45,1.25,0.07689,0.06594,0.08819,0.09595,52.104,41.625
"2024-05-20 02:00:00",1523,12.26756,302,0,0.054,1.3,1.15,0.0692,0.06077,0.08096,0.0957,51.924,41.857
"2024-05-20 02:30:00",1524,12.2919,302,0,0.056,1.35,1.18,0.07186,0.06293,0.08524,0.09754,51.781,42.136
"2024-05-20 03:00:00",1525,12.28855,302,0,0.054,1.32,1.13,0.0703,0.06016,0.08206,0.09509,52.186,41.872
"2024-05-20 03:30:00",1526,12.29106,302,0,0.053,1.27,1.1,0.06712,0.05808,0.08083,0.09548,51.635,41.16
"2024-05-20 04:00:00",1527,12.28519,302,0,0.055,1.33,1.13,0.07105,0.0606,0.08449,0.0934,52.447,40.99
"2024-05-20 04:30:00",1528,12.28771,302,0,0.049,1.17,1.05,0.06232,0.05562,0.07609,0.09322,51.514,42.024
"2024-05-20 05:00:00",1529,12.28938,302,0,0.054,1.28,1.13,0.06773,0.0606,0.08138,0.0934,51.575,41.255
"2024-05-20 05:30:00",1530,12.28771,302,0,0.051,1.23,1.05,0.0654,0.05562,0.07747,0.09113,52.423,41.687
"2024-05-20 06:00:00",1531,12.28771,302,0,0.051,1.23,1.05,0.06564,0.05574,0.07775,0.0934,52.59,41.021
"2024-05-20 06:30:00",1532,12.28183,302,0,0.052,1.23,1.1,0.06576,0.05826,0.07948,0.09134,52.496,41.611
"2024-05-20 07:00:00",1533,12.28183,302,0,0.054,1.28,1.15,0.06834,0.06077,0.07878,0.0936,52.677,41.113
"2024-05-20 07:30:00",1534,12.28015,302,0,0.055,1.3,1.18,0.06872,0.0625,0.07911,0.09528,52.81,41.343
"2024-05-20 08:00:00",1535,12.28267,302,0,0.056,1.27,1.27,0.06748,0.06683,0.08109,0.09692,51.97,41.075
"2024-05-20 08:30:00",1536,12.28351,302,0,0.055,1.27,1.25,0.06754,0.06632,0.08264,0.09854,52.342,41.6
"2024-05-20 09:00:00",1537,12.28435,302,0,0.063,1.48,1.38,0.07848,0.07353,0.08842,0.10286,52.141,42.227
"2024-05-20 09:30:00",1538,12.27679,302,0,0.066,1.53,1.48,0.081,0.07848,0.09067,0.10739,52.949,42.311
"2024-05-20 10:00:00",1539,12.28351,302,0,0.069,1.52,1.62,0.08058,0.08593,0.09354,0.11193,52.056,42.822
"2024-05-20 10:30:00",1540,12.28267,302,0,0.077,1.8,1.7,0.09528,0.09031,0.10291,0.11372,53.149,41.838
"2024-05-20 11:00:00",1541,12.28183,302,0,0.082,2.05,1.63,0.10882,0.08676,0.11363,0.11332,56,43.031
"2024-05-20 11:30:00",1542,12.27763,302,0,0.091,2.13,1.98,0.11332,0.10557,0.126,0.1281,52.064,43.245
"2024-05-20 12:00:00",1543,12.28519,302,0,0.1,2.43,2.05,0.12948,0.10876,0.13335,0.129,54.415,44.348
"2024-05-20 12:30:00",1544,12.26,302,0,0.079,1.67,1.97,0.08892,0.10436,0.10828,0.12728,52.734,43.085
"2024-05-20 13:00:00",1545,12.28687,302,0,0.063,0.95,2.05,0.05014,0.10916,0.07736,0.13468,48.945,42.454
"2024-05-20 13:30:00",1546,12.26756,302,0,0.1,2.23,2.35,0.1182,0.12468,0.13283,0.14168,49.809,43.064
"2024-05-20 14:00:00",1547,12.29106,302,0,0.088,1.95,2.07,0.10398,0.10998,0.1196,0.1309,51.259,41.762
"2024-05-20 14:30:00",1548,12.29106,302,0,0.108,2.58,2.3,0.13762,0.12185,0.14116,0.14119,49.267,41.694
"2024-05-20 15:00:00",1549,12.29022,302,0,-0.037,-3.14,2.2,-0.16839,0.11724,-0.09257,0.13659,46.666,43.501
"2024-05-20 15:30:00",1550,12.26588,302,0,0.098,2.1,2.38,0.11111,0.12684,0.12722,0.14326,51.704,41.641
"2024-05-20 16:00:00",1551,12.29106,302,0,0.098,2.18,2.28,0.11559,0.12118,0.12559,0.14104,51.744,41.836
"2024-05-20 16:30:00",1552,12.28351,302,0,0.103,2.27,2.45,0.12079,0.12994,0.12775,0.14636,52.023,42.372
"2024-05-20 17:00:00",1553,12.28183,302,0,0.075,1.03,2.58,0.05471,0.13744,0.09322,0.15076,48.644,41.33
"2024-05-20 17:30:00",1554,12.28771,302,0,0.096,2.17,2.22,0.11502,0.11806,0.12576,0.13789,52.214,41.321
"2024-05-20 18:00:00",1555,12.28603,302,0,0.092,2.03,2.18,0.10807,0.11572,0.11916,0.13584,51.785,42.14
"2024-05-20 18:30:00",1556,12.28519,302,0,0.097,2.23,2.15,0.1184,0.11426,0.12613,0.13645,51.656,40.761
"2024-05-20 19:00:00",1557,12.25833,302,0,0.092,2.1,2.07,0.11154,0.1101,0.11926,0.13262,51.433,41.216
"2024-05-20 19:30:00",1558,12.27008,302,0,0.083,1.92,1.87,0.1015,0.09934,0.1099,0.12556,51.421,40.79
"2024-05-20 20:00:00",1559,12.27763,302,0,0.077,1.72,1.78,0.0911,0.09434,0.10497,0.12112,51.653,41.429
"2024-05-20 20:30:00",1560,12.27595,302,0,0.075,1.73,1.68,0.09238,0.08936,0.1028,0.11467,50.994,41.765
"2024-05-20 21:00:00",1561,12.26924,302,0,0.072,1.7,1.53,0.09045,0.08182,0.10102,0.1123,51.684,41.366
"2024-05-20 21:30:00",1562,12.26252,302,0,0.067,1.58,1.43,0.08418,0.07609,0.09514,0.1074,51.596,41.121
"2024-05-20 22:00:00",1563,12.23818,302,0,0.062,1.47,1.35,0.07768,0.07186,0.09072,0.10583,51.599,41.121
"2024-05-20 22:30:00",1564,12.26,302,0,0.062,1.47,1.33,0.07816,0.07117,0.08948,0.10532,51.818,41.335
"2024-05-20 23:00:00",1565,12.25916,302,0,0.061,1.45,1.3,0.07689,0.06896,0.08834,0.10119,51.391,41.17
"2024-05-20 23:30:00",1566,12.26,302,0,0.057,1.35,1.2,0.07194,0.0639,0.08356,0.09863,51.697,42.051
"2024-05-21 00:00:00",1567,12.25413,302,0,0.057,1.35,1.25,0.07156,0.06594,0.08488,0.0984,51.99,41.774
"2024-05-21 00:30:00",1568,12.22811,302,0,0.057,1.37,1.2,0.0729,0.06342,0.08449,0.09822,52.42,42.203
"2024-05-21 01:00:00",1569,12.23062,302,0,0.057,1.35,1.25,0.07194,0.06608,0.08356,0.0984,52.157,41.421
"2024-05-21 01:30:00",1570,12.25077,302,0,0.06,1.47,1.25,0.07768,0.06608,0.09238,0.10073,51.307,41.654
"2024-05-21 02:00:00",1571,12.25077,302,0,0.054,1.28,1.15,0.06784,0.06106,0.07977,0.09402,52.064,40.6
"2024-05-21 02:30:00",1572,12.24825,302,0,0.053,1.25,1.15,0.06624,0.06106,0.07987,0.09402,52.08,41.596
"2024-05-21 03:00:00",1573,12.24657,302,0,0.053,1.28,1.1,0.0681,0.05864,0.08176,0.09634,51.981,41.655
"2024-05-21 03:30:00",1574,12.24741,302,0,0.056,1.4,1.1,0.07394,0.05881,0.0855,0.09427,51.52,41.713
"2024-05-21 04:00:00",1575,12.24657,302,0,0.054,1.28,1.15,0.0685,0.0615,0.08205,0.09446,52.034,40.718
"2024-05-21 04:30:00",1576,12.24154,302,0,0.051,1.18,1.15,0.06311,0.06135,0.07866,0.09446,51.565,41.084
"2024-05-21 05:00:00",1577,12.22139,302,0,0.052,1.23,1.1,0.06588,0.05864,0.07977,0.09427,52.142,42.073
"2024-05-21 05:30:00",1578,12.23818,302,0,0.05,1.17,1.1,0.06158,0.05881,0.07728,0.09213,52.14,42.07
"2024-05-21 06:00:00",1579,12.23734,302,0,0.052,1.25,1.12,0.0665,0.05912,0.08028,0.09466,51.335,41.688
"2024-05-21 06:30:00",1580,12.23734,302,0,0.053,1.28,1.12,0.06858,0.05924,0.084,0.09258,51.316,41.25
"2024-05-21 07:00:00",1581,12.2323,302,0,0.049,1.18,1.02,0.06256,0.05366,0.07826,0.08987,52.202,41.719
"2024-05-21 07:30:00",1582,12.23566,302,0,0.046,1.12,0.95,0.05966,0.05077,0.07222,0.08718,52.239,42.016
"2024-05-21 08:00:00",1583,12.22643,302,0,0.047,1.13,0.98,0.06006,0.05226,0.07594,0.08624,52.722,41.821
"2024-05-21 08:30:00",1584,12.23398,302,0,0.044,0.98,1.02,0.05218,0.05404,0.06828,0.08772,53.003,42.928
"2024-05-21 09:00:00",1585,12.21467,302,0,0.053,1.13,1.32,0.06006,0.06994,0.07275,0.09792,53.171,42.676
"2024-05-21 09:30:00",1586,12.23734,302,0,0.077,1.78,1.72,0.09514,0.09146,0.10166,0.11776,53.652,43.167
"2024-05-21 10:00:00",1587,12.23398,302,0,0.076,1.67,1.83,0.08887,0.09734,0.09998,0.1208,52.988,42.655
"2024-05-21 10:30:00",1588,12.23986,302,0,0.085,1.92,1.97,0.10137,0.10456,0.11034,0.12516,51.987,42.074
"2024-05-21 11:00:00",1589,12.2365,302,0,0.09,2.1,2,0.1112,0.10608,0.12306,0.12664,53.609,43.118
"2024-05-21 11:30:00",1590,12.24825,302,0,0.078,1.73,1.85,0.09202,0.0979,0.09828,0.11706,61.028,45.975
"2024-05-21 12:00:00",1591,12.23818,302,0,0.106,2.62,2.12,0.13892,0.11238,0.13622,0.13098,54.347,42.871
"2024-05-21 12:30:00",1592,12.25245,302,0,0.065,0.87,2.32,0.04612,0.1227,0.1168,0.14292,40.591,41.473
"2024-05-21 13:00:00",1593,12.24154,302,0,0.041,0,2.17,0,0.11477,0.07145,0.13888,45.824,41.722
"2024-05-21 13:30:00",1594,12.24825,302,0,0.12,2.87,2.53,0.15192,0.13418,0.15178,0.15037,53.202,42.039
"2024-05-21 14:00:00",1595,12.24741,302,0,0.088,1.78,2.3,0.0949,0.12185,0.10318,0.14151,49.647,41.81
"2024-05-21 14:30:00",1596,12.25749,302,0,0.096,2.02,2.38,0.10738,0.12684,0.13232,0.14595,49.847,41.701
"2024-05-21 15:00:00",1597,12.25749,302,0,0.121,2.8,2.7,0.14874,0.14326,0.14832,0.15219,63.573,43.535
"2024-05-21 15:30:00",1598,12.22978,302,0,0.108,2.33,2.63,0.12359,0.1402,0.14058,0.15551,50.537,41.714
"2024-05-21 16:00:00",1599,12.23062,302,0,0.103,2.23,2.47,0.11864,0.1309,0.12571,0.14766,50.914,42.502
"2024-05-21 16:30:00",1600,12.24909,302,0,0.105,2.2,2.62,0.11666,0.13918,0.12394,0.15244,46.83,41.324
"2024-05-21 17:00:00",1601,12.24825,302,0,0.103,2.2,2.53,0.11689,0.13451,0.12627,0.14907,51.379,41.462
"2024-05-21 17:30:00",1602,12.24657,302,0,0.1,2.2,2.37,0.11712,0.12562,0.1312,0.14292,52.849,42.359
"2024-05-21 18:00:00",1603,12.24657,302,0,0.096,2.02,2.42,0.10728,0.12854,0.11838,0.14326,51.22,42.393
"2024-05-21 18:30:00",1604,12.22978,302,0,0.097,2.2,2.23,0.11668,0.11864,0.12118,0.13678,52.327,42.669
"2024-05-21 19:00:00",1605,12.21467,302,0,0.097,2.12,2.3,0.11256,0.1225,0.11858,0.14213,51.677,41.191
"2024-05-21 19:30:00",1606,12.2323,302,0,0.096,2.17,2.22,0.1147,0.11806,0.12416,0.13796,51.32,42.08
"2024-05-21 20:00:00",1607,12.23566,302,0,0.086,1.93,1.98,0.10256,0.10562,0.11732,0.12932,52.291,41.809
"2024-05-21 20:30:00",1608,12.22223,302,0,0.076,1.72,1.73,0.09092,0.0924,0.09988,0.11987,52.279,41.382
"2024-05-21 21:00:00",1609,12.23062,302,0,0.072,1.72,1.55,0.0911,0.08203,0.10168,0.11073,51.361,41.136
"2024-05-21 21:30:00",1610,12.22643,302,0,0.072,1.7,1.55,0.08987,0.0824,0.10242,0.11098,52.522,41.204
"2024-05-21 22:00:00",1611,12.22307,302,0,0.066,1.55,1.45,0.08205,0.07722,0.10004,0.10649,51.396,41.164
"2024-05-21 22:30:00",1612,12.21467,302,0,0.064,1.5,1.4,0.07972,0.07429,0.09449,0.10393,51.539,41.727
"2024-05-21 23:00:00",1613,12.20712,302,0,0.06,1.43,1.25,0.07568,0.06674,0.09087,0.09955,51.542,41.623
"2024-05-21 23:30:00",1614,12.20712,302,0,0.06,1.45,1.27,0.0771,0.06688,0.09045,0.09955,52.826,40.941
"2024-05-22 00:00:00",1615,12.21719,302,0,0.061,1.48,1.25,0.07869,0.06674,0.09346,0.09955,51.353,41.277
"2024-05-22 00:30:00",1616,12.21803,302,0,0.056,1.37,1.17,0.07284,0.06177,0.08822,0.09509,51.623,40.724
"2024-05-22 01:00:00",1617,12.213,302,0,0.054,1.28,1.17,0.06858,0.06164,0.084,0.09718,51.501,41.696
"2024-05-22 01:30:00",1618,12.20544,302,0,0.052,1.2,1.17,0.06416,0.06208,0.07822,0.0976,51.687,42.03
"2024-05-22 02:00:00",1619,12.20796,302,0,0.055,1.28,1.22,0.0678,0.06503,0.08339,0.09804,51.604,41.384
"2024-05-22 02:30:00",1620,12.2004,302,0,0.053,1.23,1.17,0.06556,0.06225,0.08288,0.0978,52.326,41.172
"2024-05-22 03:00:00",1621,12.20124,302,0,0.053,1.23,1.17,0.0657,0.06225,0.08141,0.0978,52.434,41.538
"2024-05-22 03:30:00",1622,12.20376,302,0,0.05,1.17,1.12,0.06158,0.05942,0.07754,0.09528,51.831,41.348
"2024-05-22 04:00:00",1623,12.19537,302,0,0.05,1.13,1.17,0.0606,0.06208,0.07667,0.09548,52.099,41.198
"2024-05-22 04:30:00",1624,12.20544,302,0,0.05,1.17,1.12,0.06194,0.05942,0.07792,0.09528,51.891,40.988
"2024-05-22 05:00:00",1625,12.2004,302,0,0.054,1.3,1.12,0.0692,0.05968,0.08311,0.09572,52.279,41.643
"2024-05-22 05:30:00",1626,12.20124,302,0,0.056,1.33,1.18,0.07124,0.06256,0.08668,0.09595,51.424,41.768
"2024-05-22 06:00:00",1627,12.19705,302,0,0.055,1.33,1.17,0.07096,0.06225,0.08456,0.09572,51.879,40.564
"2024-05-22 06:30:00",1628,12.19285,302,0,0.053,1.27,1.12,0.06686,0.05954,0.08084,0.09336,51.829,40.929
"2024-05-22 07:00:00",1629,12.18613,302,0,0.051,1.23,1.07,0.06576,0.05656,0.07987,0.09067,52.661,42.021
"2024-05-22 07:30:00",1630,12.18865,302,0,0.044,0.98,1.03,0.05264,0.05458,0.06724,0.09092,53.36,43.13
"2024-05-22 08:00:00",1631,12.19537,302,0,0.057,1.33,1.25,0.07064,0.06632,0.08149,0.09509,53.551,42.391
"2024-05-22 08:30:00",1632,12.19453,302,0,0.075,1.78,1.6,0.09492,0.08534,0.09514,0.11243,53.907,42.593
"2024-05-22 09:00:00",1633,12.19873,302,0,0.089,1.9,2.18,0.10092,0.11558,0.10444,0.13353,56.6,42.535
"2024-05-22 09:30:00",1634,12.20208,302,0,0.098,1.92,2.63,0.10156,0.13986,0.10728,0.15548,51.983,42.9
"2024-05-22 10:00:00",1635,12.17606,302,0,0.11,2.15,2.95,0.11394,0.1567,0.121,0.16614,53.148,43.906
"2024-05-22 10:30:00",1636,12.20712,302,0,0.127,2.7,3.15,0.14347,0.1676,0.14284,0.17406,54.617,42.88
"2024-05-22 11:00:00",1637,12.21216,302,0,0.112,2.03,3.22,0.1077,0.17088,0.1207,0.17847,55.013,44.37
"2024-05-22 11:30:00",1638,12.21467,302,0,0.051,-0.07,2.82,-0.00555,0.14968,0.04634,0.16428,51.036,44.284
"2024-05-22 12:00:00",1639,12.22055,302,0,0.067,0.53,2.87,0.02822,0.15192,0.05178,0.16576,51.053,43.475
"2024-05-22 12:30:00",1640,12.22391,302,0,0.128,2.75,3.15,0.14642,0.1675,0.15145,0.17492,48.991,42.242
"2024-05-22 13:00:00",1641,12.19956,302,0,0.118,2.4,3.05,0.12754,0.1621,0.13636,0.17157,47.831,42.902
"2024-05-22 13:30:00",1642,12.22055,302,0,0.145,3.43,3.13,0.18196,0.16626,0.17696,0.1711,57.888,41.181
"2024-05-22 14:00:00",1643,12.22055,302,0,0.125,2.68,3.05,0.14226,0.16184,0.15018,0.17296,51.152,42.903
"2024-05-22 14:30:00",1644,12.22391,302,0,0.141,3.22,3.22,0.17058,0.17109,0.17346,0.18024,50.132,42.292
"2024-05-22 15:00:00",1645,12.19956,302,0,0.102,1.68,3.17,0.08954,0.16842,0.08126,0.17806,71.478,43.545
"2024-05-22 15:30:00",1646,12.21551,302,0,0.118,2.33,3.13,0.12411,0.1668,0.1294,0.17542,51.338,42.932
"2024-05-22 16:00:00",1647,12.22475,302,0,0.126,2.68,3.13,0.1425,0.16661,0.14469,0.17455,52.274,41.783
"2024-05-22 16:30:00",1648,12.22139,302,0,0.13,2.78,3.2,0.14818,0.1698,0.15386,0.17492,51.064,42.085
"2024-05-22 17:00:00",1649,12.22391,302,0,0.126,2.65,3.13,0.14084,0.16642,0.1547,0.17296,51.255,42.848
"2024-05-22 17:30:00",1650,12.22139,302,0,0.112,2.23,2.95,0.1189,0.1569,0.12118,0.16798,50.482,41.658
"2024-05-22 18:00:00",1651,12.20712,302,0,0.129,2.87,3.02,0.15238,0.16007,0.15496,0.16628,51.152,42.486
"2024-05-22 18:30:00",1652,12.21971,302,0,0.115,2.58,2.67,0.1373,0.142,0.14181,0.15693,50.973,42.309
"2024-05-22 19:00:00",1653,12.21384,302,0,0.109,2.33,2.65,0.12416,0.14034,0.13738,0.15519,52.202,41.716
"2024-05-22 19:30:00",1654,12.2088,302,0,0.098,2.12,2.4,0.11238,0.12704,0.13016,0.14617,50.855,42.705
"2024-05-22 20:00:00",1655,12.19369,302,0,0.089,1.97,2.08,0.10418,0.11092,0.1163,0.13442,52.103,40.629
"2024-05-22 20:30:00",1656,12.20376,302,0,0.076,1.67,1.8,0.08861,0.09555,0.09818,0.1207,52.456,40.569
"2024-05-22 21:00:00",1657,12.18781,302,0,0.061,1.22,1.6,0.06503,0.08456,0.0776,0.11357,52.453,41.554
"2024-05-22 21:30:00",1658,12.18697,302,0,0.054,1.02,1.5,0.05384,0.0796,0.08912,0.10696,49.903,42.743
"2024-05-22 22:00:00",1659,12.19117,302,0,0.053,1.08,1.37,0.05764,0.0726,0.06908,0.10746,52.742,41.421
"2024-05-22 22:30:00",1660,12.18949,302,0,0.058,1.28,1.37,0.0682,0.07243,0.08576,0.10508,51.673,42.436
"2024-05-22 23:00:00",1661,12.18278,302,0,0.055,1.18,1.32,0.06322,0.06996,0.08286,0.10297,51.226,41.724
"2024-05-22 23:30:00",1662,12.18865,302,0,0.052,1.1,1.28,0.05801,0.0681,0.07618,0.10347,51.82,40.924
"2024-05-23 00:00:00",1663,12.19033,302,0,0.054,1.2,1.28,0.06414,0.06792,0.08028,0.10105,51.323,41.251
"2024-05-23 00:30:00",1664,12.18697,302,0,0.055,1.23,1.28,0.06562,0.0681,0.08174,0.1013,51.583,41.774
"2024-05-23 01:00:00",1665,12.15843,302,0,0.055,1.28,1.23,0.06771,0.06582,0.08374,0.09916,51.163,41.665
"2024-05-23 01:30:00",1666,12.18445,302,0,0.055,1.23,1.28,0.0657,0.06828,0.08158,0.10368,51.716,41.081
"2024-05-23 02:00:00",1667,12.1811,302,0,0.055,1.22,1.28,0.06503,0.06778,0.08128,0.10105,51.057,42.648
"2024-05-23 02:30:00",1668,12.17606,302,0,0.053,1.13,1.28,0.05992,0.0681,0.0729,0.1013,52.534,41.369
"2024-05-23 03:00:00",1669,12.17858,302,0,0.055,1.22,1.28,0.06503,0.0681,0.07972,0.10347,52.104,40.79
"2024-05-23 03:30:00",1670,12.16599,302,0,0.056,1.23,1.33,0.06538,0.07037,0.08145,0.10105,50.888,42.066
"2024-05-23 04:00:00",1671,12.1769,302,0,0.049,1,1.28,0.0527,0.06792,0.06798,0.10105,51.003,41.764
"2024-05-23 04:30:00",1672,12.16851,302,0,0.056,1.23,1.32,0.06538,0.07019,0.08497,0.10087,51.749,41.115
"2024-05-23 05:00:00",1673,12.17102,302,0,0.054,1.18,1.27,0.0631,0.0676,0.07253,0.10087,52.19,41.291
"2024-05-23 05:30:00",1674,12.16347,302,0,0.056,1.2,1.37,0.06354,0.07297,0.08665,0.10347,51.993,41.364
"2024-05-23 06:00:00",1675,12.16599,302,0,0.057,1.23,1.37,0.06587,0.07278,0.07887,0.10557,51.977,41.079
"2024-05-23 06:30:00",1676,12.16599,302,0,0.064,1.43,1.5,0.076,0.08002,0.0853,0.1098,53.776,42.466
"2024-05-23 07:00:00",1677,12.15927,302,0,0.066,1.38,1.63,0.07302,0.08657,0.0888,0.11357,51.517,41.603
"2024-05-23 07:30:00",1678,12.14164,302,0,0.076,1.6,1.88,0.08476,0.10018,0.09678,0.12613,52.748,41.852
"2024-05-23 08:00:00",1679,12.16683,302,0,0.087,1.83,2.17,0.09736,0.11486,0.10758,0.135,53.613,42.294
"2024-05-23 08:30:00",1680,12.16347,302,0,0.101,2.23,2.38,0.11818,0.12638,0.12404,0.14528,54.012,42.024
"2024-05-23 09:00:00",1681,12.16851,302,0,0.111,2.37,2.72,0.12539,0.14398,0.13604,0.15687,54.917,42.934
"2024-05-23 09:30:00",1682,12.17019,302,0,0.121,2.63,2.92,0.14,0.15524,0.1483,0.16702,54.978,43.667
"2024-05-23 10:00:00",1683,12.17019,302,0,0.128,2.75,3.12,0.14626,0.16544,0.16276,0.17282,57.712,42.411
"2024-05-23 10:30:00",1684,12.17102,302,0,0.123,2.35,3.38,0.12476,0.17962,0.13226,0.18599,52.579,42.932
"2024-05-23 11:00:00",1685,12.16599,302,0,0.131,2.65,3.4,0.1411,0.18096,0.14732,0.18433,51.434,42.619
"2024-05-23 11:30:00",1686,12.17606,302,0,0.062,0.2,3.02,0.01051,0.16063,0.07226,0.17294,49.278,45.025
"2024-05-23 12:00:00",1687,12.1769,302,0,0.199,5.2,3.62,0.27619,0.19173,0.26719,0.19134,55.839,45.777
"2024-05-23 12:30:00",1688,12.18278,302,0,0.138,2.85,3.53,0.15116,0.18762,0.16146,0.19114,50.122,41.037
"2024-05-23 13:00:00",1689,12.17438,302,0,0.136,2.77,3.53,0.14669,0.18742,0.14322,0.18891,54.461,41.333
"2024-05-23 13:30:00",1690,12.18445,302,0,0.139,2.93,3.48,0.15618,0.18458,0.1591,0.18996,52.167,42.259
"2024-05-23 14:00:00",1691,12.18781,302,0,0.148,3.23,3.55,0.17204,0.18836,0.17379,0.1918,51.228,41.838
"2024-05-23 14:30:00",1692,12.17438,302,0,0.16,3.62,3.67,0.19186,0.19512,0.18558,0.195,54.278,42.972
"2024-05-23 15:00:00",1693,12.1769,302,0,0.15,3.28,3.6,0.17406,0.19114,0.16959,0.19166,58.111,45.148
"2024-05-23 15:30:00",1694,12.18362,302,0,0.15,3.27,3.6,0.17386,0.19106,0.17265,0.19545,54.13,42.565
"2024-05-23 16:00:00",1695,12.18445,302,0,0.144,3.08,3.52,0.16354,0.18644,0.16554,0.19094,52.669,42.453
"2024-05-23 16:30:00",1696,12.1769,302,0,0.139,2.9,3.5,0.15386,0.18602,0.15938,0.19052,51.159,42.345
"2024-05-23 17:00:00",1697,12.17186,302,0,0.124,2.48,3.27,0.13227,0.17314,0.13956,0.1794,52.072,42.007
"2024-05-23 17:30:00",1698,12.15675,302,0,0.128,2.72,3.15,0.14422,0.16726,0.15018,0.17729,51.992,42.347
"2024-05-23 18:00:00",1699,12.1769,302,0,0.113,2.32,2.92,0.12334,0.15452,0.13424,0.16668,51.223,42.824
"2024-05-23 18:30:00",1700,12.17438,302,0,0.106,2.23,2.67,0.11884,0.14124,0.1269,0.15724,52.651,42.179
"2024-05-23 19:00:00",1701,12.17522,302,0,0.102,2.12,2.58,0.11198,0.13724,0.12176,0.15346,51.481,42.248
"2024-05-23 19:30:00",1702,12.15927,302,0,0.089,1.93,2.17,0.10274,0.11504,0.11288,0.14049,51.238,41.174
"2024-05-23 20:00:00",1703,12.17019,302,0,0.08,1.7,1.97,0.0906,0.10482,0.10324,0.12896,51.626,41.568
"2024-05-23 20:30:00",1704,12.16851,302,0,0.073,1.58,1.78,0.084,0.09481,0.0989,0.12474,50.902,41.256
"2024-05-23 21:00:00",1705,12.16179,302,0,0.071,1.57,1.7,0.08339,0.09014,0.09854,0.12102,51.63,40.895
"2024-05-23 21:30:00",1706,12.16179,302,0,0.064,1.38,1.53,0.07325,0.08184,0.08902,0.11372,52.003,41.68
"2024-05-23 22:00:00",1707,12.15591,302,0,0.063,1.38,1.5,0.0734,0.0794,0.08902,0.10946,51.275,41.626
"2024-05-23 22:30:00",1708,12.13157,302,0,0.061,1.35,1.45,0.07168,0.07694,0.08744,0.10728,52.143,41.824
"2024-05-23 23:00:00",1709,12.15088,302,0,0.058,1.27,1.4,0.067,0.07391,0.08313,0.10679,51.701,42.051
"2024-05-23 23:30:00",1710,12.15256,302,0,0.057,1.27,1.33,0.06731,0.07124,0.08512,0.1022,51.407,41.186
"2024-05-24 00:00:00",1711,12.13577,302,0,0.055,1.23,1.3,0.06562,0.06896,0.08357,0.10462,52.022,41.543
"2024-05-24 00:30:00",1712,12.14752,302,0,0.057,1.28,1.3,0.06771,0.06896,0.08374,0.10244,50.872,41.483
"2024-05-24 01:00:00",1713,12.145,302,0,0.057,1.3,1.3,0.0692,0.06896,0.08512,0.10244,51.557,42.322
"2024-05-24 01:30:00",1714,12.13829,302,0,0.054,1.27,1.2,0.06742,0.06387,0.08698,0.10244,51.943,40.638
"2024-05-24 02:00:00",1715,12.13913,302,0,0.054,1.2,1.25,0.06354,0.06618,0.08145,0.09986,51.284,41.064
"2024-05-24 02:30:00",1716,12.13745,302,0,0.055,1.27,1.25,0.06719,0.066,0.08313,0.10202,51.539,41.891
"2024-05-24 03:00:00",1717,12.13493,302,0,0.058,1.33,1.3,0.07065,0.0686,0.08654,0.10202,51.374,42.143
"2024-05-24 03:30:00",1718,12.12989,302,0,0.058,1.33,1.3,0.07105,0.0686,0.08686,0.10202,52.154,41.834
"2024-05-24 04:00:00",1719,12.1173,302,0,0.047,1.02,1.13,0.05404,0.06046,0.066,0.09702,52.066,42.42
"2024-05-24 04:30:00",1720,12.11898,302,0,0.047,0.98,1.18,0.0524,0.06243,0.06932,0.09872,50.665,41.586
"2024-05-24 05:00:00",1721,12.12318,302,0,0.047,0.95,1.23,0.05036,0.06564,0.07315,0.09936,52.283,42.475
"2024-05-24 05:30:00",1722,12.12653,302,0,0.054,1.23,1.23,0.06562,0.06564,0.07872,0.10174,52.889,41.425
"2024-05-24 06:00:00",1723,12.12905,302,0,0.059,1.33,1.33,0.07088,0.07052,0.08712,0.10606,51.724,40.98
"2024-05-24 06:30:00",1724,12.12905,302,0,0.056,1.2,1.38,0.06329,0.07334,0.07639,0.1063,51.337,41.119
"2024-05-24 07:00:00",1725,12.12402,302,0,0.068,1.55,1.57,0.08199,0.08306,0.09748,0.11056,51.586,41.109
"2024-05-24 07:30:00",1726,12.12821,302,0,0.068,1.53,1.57,0.0812,0.08282,0.09667,0.11274,52.999,41.536
"2024-05-24 08:00:00",1727,12.10471,302,0,0.066,1.42,1.6,0.0752,0.085,0.09155,0.11458,52.13,42.325
"2024-05-24 08:30:00",1728,12.12486,302,0,0.068,1.4,1.73,0.07394,0.09199,0.09045,0.11858,52.566,41.663
"2024-05-24 09:00:00",1729,12.12318,302,0,0.074,1.52,1.88,0.08046,0.10042,0.09446,0.1267,52.003,42.759
"2024-05-24 09:30:00",1730,12.11226,302,0,0.087,1.7,2.37,0.09038,0.12574,0.10647,0.14528,52.801,42.05
"2024-05-24 10:00:00",1731,12.12318,302,0,0.098,1.93,2.63,0.10262,0.13972,0.11591,0.15551,52.956,43.709
"2024-05-24 10:30:00",1732,12.12569,302,0,0.113,2.33,2.87,0.12384,0.15187,0.13592,0.16386,53.063,43.816
"2024-05-24 11:00:00",1733,12.12653,302,0,0.12,2.52,3,0.13353,0.15923,0.1355,0.16988,52.026,42.624
"2024-05-24 11:30:00",1734,12.10303,302,0,0.123,2.6,3.07,0.13764,0.16279,0.14426,0.17029,50.183,42.188
"2024-05-24 12:00:00",1735,12.12234,302,0,0.118,2.53,2.88,0.13427,0.15296,0.1418,0.16608,51.429,42.45
"2024-05-24 12:30:00",1736,12.13241,302,0,0.117,2.5,2.85,0.1325,0.15136,0.14166,0.16228,51.855,42.769
"2024-05-24 13:00:00",1737,12.10471,302,0,0.097,2.02,2.47,0.10695,0.13112,0.11604,0.14926,52.356,42.442
"2024-05-24 13:30:00",1738,12.12653,302,0,0.098,2.08,2.43,0.11068,0.12919,0.1149,0.1479,53.092,42.862
"2024-05-24 14:00:00",1739,12.11646,302,0,0.095,1.9,2.5,0.10133,0.13316,0.12595,0.1521,52.621,42.553
"2024-05-24 14:30:00",1740,12.12821,302,0,0.101,2,2.67,0.10589,0.14119,0.11739,0.15754,53.405,43.332
"2024-05-24 15:00:00",1741,12.12653,302,0,0.132,2.9,3.13,0.15412,0.1668,0.15742,0.17208,52.284,42.779
"2024-05-24 15:30:00",1742,12.11982,302,0,0.13,2.78,3.18,0.14809,0.16894,0.15586,0.17573,51.389,42.564
"2024-05-24 16:00:00",1743,12.11814,302,0,0.138,3,3.32,0.15892,0.17604,0.16386,0.18191,50.428,42.435
"2024-05-24 16:30:00",1744,12.12821,302,0,0.134,3.12,2.93,0.16573,0.15576,0.16506,0.16452,51.643,40.998
"2024-05-24 17:00:00",1745,12.12653,302,0,0.108,2.35,2.62,0.12442,0.13904,0.13156,0.15304,51.369,41.454
"2024-05-24 17:30:00",1746,12.09715,302,0,0.099,2.28,2.22,0.12089,0.11804,0.12919,0.1391,51.633,41.147
"2024-05-24 18:00:00",1747,12.11814,302,0,0.08,1.68,1.98,0.08947,0.10508,0.10268,0.128,51.56,41.336
"2024-05-24 18:30:00",1748,12.12234,302,0,0.085,1.87,2,0.09881,0.10588,0.11648,0.12863,50.783,41.288
"2024-05-24 19:00:00",1749,12.1173,302,0,0.085,1.92,1.95,0.10212,0.10347,0.11463,0.13106,52.025,41.284
"2024-05-24 19:30:00",1750,12.10219,302,0,0.077,1.68,1.83,0.08912,0.09772,0.10589,0.12369,51.109,42.285
"2024-05-24 20:00:00",1751,12.10135,302,0,0.075,1.67,1.75,0.08848,0.09304,0.10726,0.12186,50.234,41.824
"2024-05-24 20:30:00",1752,12.11058,302,0,0.069,1.53,1.62,0.08186,0.08542,0.09909,0.11262,51.198,41.795
"2024-05-24 21:00:00",1753,12.08037,302,0,0.063,1.42,1.45,0.0755,0.07712,0.09478,0.1097,51.021,41.781
"2024-05-24 21:30:00",1754,12.10051,302,0,0.058,1.3,1.35,0.06911,0.07145,0.0887,0.10702,51.909,41.004
"2024-05-24 22:00:00",1755,12.10303,302,0,0.058,1.35,1.3,0.07168,0.06932,0.08761,0.10508,51.469,40.984
"2024-05-24 22:30:00",1756,12.07113,302,0,0.052,1.13,1.27,0.06016,0.06683,0.07842,0.10292,51.392,41.744
"2024-05-24 23:00:00",1757,12.09548,302,0,0.052,1.13,1.25,0.06048,0.06629,0.07902,0.10244,51.07,40.178
"2024-05-24 23:30:00",1758,12.09631,302,0,0.056,1.28,1.27,0.06846,0.06683,0.08476,0.10051,52.308,41.669
"2024-05-25 00:00:00",1759,12.08708,302,0,0.054,1.25,1.2,0.06674,0.06416,0.08476,0.09838,51.731,41.401
"2024-05-25 00:30:00",1760,12.08792,302,0,0.052,1.22,1.15,0.0644,0.06123,0.08262,0.0979,51.692,41.046
"2024-05-25 01:00:00",1761,12.08708,302,0,0.053,1.22,1.2,0.0644,0.06402,0.08262,0.10051,51.266,40.521
"2024-05-25 01:30:00",1762,12.08288,302,0,0.055,1.28,1.22,0.06831,0.06434,0.08636,0.10098,51.313,41.505
"2024-05-25 02:00:00",1763,12.08372,302,0,0.055,1.27,1.22,0.06709,0.06484,0.08698,0.09902,50.995,41.498
"2024-05-25 02:30:00",1764,12.08372,302,0,0.057,1.38,1.17,0.07382,0.06202,0.09155,0.0966,51.746,41.943
"2024-05-25 03:00:00",1765,12.07868,302,0,0.052,1.25,1.12,0.06598,0.05921,0.08418,0.09423,51.267,41.353
"2024-05-25 03:30:00",1766,12.06274,302,0,0.054,1.28,1.17,0.06804,0.0617,0.08432,0.09636,51.452,41.955
"2024-05-25 04:00:00",1767,12.07029,302,0,0.052,1.22,1.12,0.06428,0.05902,0.08245,0.09399,51.046,41.549
"2024-05-25 04:30:00",1768,12.04679,302,0,0.051,1.23,1.07,0.06587,0.05642,0.08407,0.09399,51.438,41.365
"2024-05-25 05:00:00",1769,12.07449,302,0,0.053,1.27,1.1,0.06719,0.05873,0.08174,0.09373,51.423,41.509
"2024-05-25 05:30:00",1770,12.04175,302,0,0.049,1.15,1.07,0.06104,0.05668,0.08306,0.0966,51.651,41.162
"2024-05-25 06:00:00",1771,12.07029,302,0,0.05,1.22,1.05,0.06472,0.05586,0.083,0.09116,51.939,41.454
"2024-05-25 06:30:00",1772,12.06945,302,0,0.051,1.22,1.1,0.0646,0.05801,0.08114,0.09072,52.51,41.766
"2024-05-25 07:00:00",1773,12.06945,302,0,0.048,1.2,0.93,0.0637,0.04972,0.08045,0.08778,52.615,42.961
"2024-05-25 07:30:00",1774,12.06106,302,0,0.047,1.12,1,0.05912,0.05282,0.07946,0.09072,52.114,42.301
"2024-05-25 08:00:00",1775,12.04175,302,0,0.043,1.03,0.9,0.05494,0.0474,0.0737,0.0858,51.618,41.707
"2024-05-25 08:30:00",1776,12.07365,302,0,0.048,1.13,1.03,0.06048,0.05457,0.07722,0.09014,51.945,42.29
"2024-05-25 09:00:00",1777,12.06525,302,0,0.052,1.2,1.17,0.06404,0.06225,0.0789,0.09702,53.059,41.903
"2024-05-25 09:30:00",1778,12.06358,302,0,0.06,1.32,1.45,0.07008,0.077,0.08482,0.10796,52.57,43.174
"2024-05-25 10:00:00",1779,12.05854,302,0,0.076,1.67,1.83,0.0881,0.0976,0.09859,0.1222,52.651,42.583
"2024-05-25 10:30:00",1780,12.06525,302,0,0.091,2.02,2.13,0.10672,0.1134,0.11843,0.1341,53.044,42.296
"2024-05-25 11:00:00",1781,12.07617,302,0,0.09,1.95,2.2,0.10312,0.11688,0.11357,0.13821,54.708,43.4
"2024-05-25 11:30:00",1782,12.07868,302,0,0.078,1.4,2.25,0.07478,0.11941,0.08916,0.13873,50.771,43.195
"2024-05-25 12:00:00",1783,12.08204,302,0,0.037,-0.12,2.17,-0.00813,0.11502,0.01354,0.1384,42.642,42.694
"2024-05-25 12:30:00",1784,12.08288,302,0,0.062,0.65,2.42,0.0344,0.12849,0.06408,0.14946,46.226,41.556
"2024-05-25 13:00:00",1785,12.08792,302,0,0.068,0.7,2.67,0.03683,0.14188,0.08242,0.15853,46.052,40.97
"2024-05-25 13:30:00",1786,12.08708,302,0,0.129,2.82,3.1,0.14977,0.1649,0.15386,0.17393,52.602,42.121
"2024-05-25 14:00:00",1787,12.09044,302,0,0.138,3.15,3.1,0.16689,0.16506,0.16784,0.17596,51.927,42.118
"2024-05-25 14:30:00",1788,12.07868,302,0,0.141,3.22,3.2,0.17073,0.17006,0.17296,0.17853,52.139,43.057
"2024-05-25 15:00:00",1789,12.08876,302,0,0.147,3.33,3.33,0.17694,0.17687,0.18836,0.18191,48.917,43.158
"2024-05-25 15:30:00",1790,12.08624,302,0,0.141,3.1,3.33,0.16497,0.17676,0.1705,0.18064,52.026,42.634
"2024-05-25 16:00:00",1791,12.08876,302,0,0.129,2.6,3.37,0.13834,0.17905,0.14775,0.18233,52.647,42.165
"2024-05-25 16:30:00",1792,12.0854,302,0,0.135,2.95,3.23,0.15646,0.17152,0.16106,0.17773,51.977,41.651
"2024-05-25 17:00:00",1793,12.07533,302,0,0.132,2.83,3.22,0.15051,0.17052,0.15618,0.17645,51.814,42.58
"2024-05-25 17:30:00",1794,12.08288,302,0,0.128,2.82,3.02,0.14926,0.16042,0.15606,0.17029,52.183,42.375
"2024-05-25 18:00:00",1795,12.08037,302,0,0.126,2.83,2.93,0.15033,0.15534,0.15497,0.1676,52.208,41.576
"2024-05-25 18:30:00",1796,12.07113,302,0,0.119,2.62,2.8,0.13922,0.14888,0.14624,0.16201,52.078,41.857
"2024-05-25 19:00:00",1797,12.07785,302,0,0.107,2.25,2.67,0.11984,0.14198,0.14228,0.15594,50.227,42.658
"2024-05-25 19:30:00",1798,12.07533,302,0,0.098,2.12,2.38,0.1125,0.12613,0.12273,0.14876,51.938,41.464
"2024-05-25 20:00:00",1799,12.07029,302,0,0.088,1.92,2.12,0.1021,0.11283,0.11455,0.13692,51.291,42.324
"2024-05-25 20:30:00",1800,12.07029,302,0,0.083,1.88,1.88,0.10004,0.09977,0.11282,0.12541,51.305,41.393
"2024-05-25 21:00:00",1801,12.03503,302,0,0.075,1.72,1.68,0.09087,0.08924,0.10589,0.11858,51.542,41.22
"2024-05-25 21:30:00",1802,12.05266,302,0,0.067,1.52,1.52,0.08032,0.08064,0.09772,0.11312,51.522,41.462
"2024-05-25 22:00:00",1803,12.05854,302,0,0.065,1.52,1.42,0.08016,0.07526,0.09772,0.10848,50.989,41.908
"2024-05-25 22:30:00",1804,12.05266,302,0,0.062,1.43,1.37,0.07606,0.07254,0.09373,0.10607,50.994,41.188
"2024-05-25 23:00:00",1805,12.05518,302,0,0.055,1.22,1.32,0.0644,0.06951,0.08262,0.10342,51.811,41.073
"2024-05-25 23:30:00",1806,12.0535,302,0,0.052,1.15,1.2,0.06117,0.06387,0.0745,0.09838,52.964,41.654
"2024-05-26 00:00:00",1807,12.04091,302,0,0.056,1.33,1.22,0.07042,0.06434,0.0884,0.09636,51.828,41.188
"2024-05-26 00:30:00",1808,12.04091,302,0,0.055,1.28,1.2,0.06792,0.06402,0.0896,0.09859,52.067,41.744
"2024-05-26 01:00:00",1809,12.0493,302,0,0.051,1.13,1.2,0.06048,0.06387,0.07887,0.09838,51.843,41.63
"2024-05-26 01:30:00",1810,12.01657,302,0,0.049,1.07,1.2,0.05639,0.06354,0.07857,0.0981,52.079,40.922
"2024-05-26 02:00:00",1811,12.04763,302,0,0.048,1.08,1.12,0.05737,0.05902,0.07594,0.09636,51.36,41.034
"2024-05-26 02:30:00",1812,12.04343,302,0,0.05,1.12,1.17,0.05908,0.0617,0.07946,0.09636,51.627,40.572
"2024-05-26 03:00:00",1813,12.03587,302,0,0.05,1.13,1.12,0.05976,0.05932,0.07842,0.0966,50.95,41.141
"2024-05-26 03:30:00",1814,12.04259,302,0,0.051,1.2,1.12,0.06329,0.05932,0.08176,0.0966,51.567,41.084
"2024-05-26 04:00:00",1815,12.04007,302,0,0.053,1.22,1.17,0.06503,0.06202,0.0835,0.09902,52.153,41.252
"2024-05-26 04:30:00",1816,12.00901,302,0,0.054,1.22,1.22,0.06503,0.0647,0.08524,0.09927,51.477,41.559
"2024-05-26 05:00:00",1817,12.03336,302,0,0.054,1.23,1.23,0.06538,0.0652,0.08381,0.09968,51.897,41.252
"2024-05-26 05:30:00",1818,12.03503,302,0,0.053,1.27,1.13,0.06709,0.0598,0.08542,0.09504,52.002,41.928
"2024-05-26 06:00:00",1819,12.02916,302,0,0.053,1.3,1.08,0.06881,0.05712,0.08524,0.09504,52.151,41.25
"2024-05-26 06:30:00",1820,12.0258,302,0,0.053,1.28,1.12,0.06782,0.05932,0.08262,0.0946,51.716,41.638
"2024-05-26 07:00:00",1821,12.00733,302,0,0.055,1.25,1.23,0.06606,0.0655,0.08271,0.0979,53.113,42.624
"2024-05-26 07:30:00",1822,12.00817,302,0,0.059,1.35,1.33,0.07174,0.07052,0.08822,0.10031,52.899,42.826
"2024-05-26 08:00:00",1823,12.03252,302,0,0.062,1.42,1.4,0.07552,0.07429,0.08848,0.10582,53.863,41.977
"2024-05-26 08:30:00",1824,12.01992,302,0,0.064,1.42,1.53,0.07559,0.08158,0.09172,0.11005,51.947,42.292
"2024-05-26 09:00:00",1825,12.03,302,0,0.071,1.52,1.75,0.08048,0.09337,0.10024,0.12262,50.325,41.917
"2024-05-26 09:30:00",1826,12.02412,302,0,0.083,1.73,2.07,0.0919,0.1098,0.10553,0.1332,51.796,42.721
"2024-05-26 10:00:00",1827,12.01992,302,0,0.101,2.25,2.35,0.11972,0.12448,0.129,0.13986,53.407,41.527
"2024-05-26 10:30:00",1828,12.0258,302,0,0.106,2.38,2.43,0.1265,0.1294,0.13622,0.146,51.205,42.799
"2024-05-26 11:00:00",1829,12.03755,302,0,0.109,2.48,2.48,0.13208,0.1322,0.13858,0.14758,55.345,42.943
"2024-05-26 11:30:00",1830,12.01657,302,0,0.088,1.72,2.38,0.09092,0.12651,0.09514,0.14292,52.078,44.348
"2024-05-26 12:00:00",1831,12.04343,302,0,0.047,0.12,2.35,0.00627,0.12454,0.0483,0.14464,47.222,43.535
"2024-05-26 12:30:00",1832,12.02916,302,0,0.092,1.72,2.58,0.09116,0.13678,0.12117,0.15525,48.554,41.393
"2024-05-26 13:00:00",1833,12.04427,302,0,0.243,7.4,3.05,0.39324,0.1616,0.34843,0.16624,66.616,41.862
"2024-05-26 13:30:00",1834,12.03336,302,0,0.128,2.97,2.82,0.15724,0.14972,0.15962,0.16336,53.872,41.878
"2024-05-26 14:00:00",1835,12.04679,302,0,0.118,2.62,2.77,0.13938,0.14696,0.14832,0.16126,51.032,42.056
"2024-05-26 14:30:00",1836,12.04595,302,0,0.12,2.58,2.93,0.13698,0.15534,0.13904,0.16842,52.141,41.813
"2024-05-26 15:00:00",1837,12.04679,302,0,0.144,3.38,3.13,0.17984,0.1666,0.1867,0.17346,52.286,41.803
"2024-05-26 15:30:00",1838,12.03503,302,0,0.112,2.3,2.9,0.12196,0.15373,0.13456,0.16529,46.472,41.388
"2024-05-26 16:00:00",1839,12.04427,302,0,0.097,1.87,2.68,0.09934,0.1429,0.12678,0.1566,48.939,41.937
"2024-05-26 16:30:00",1840,12.03503,302,0,0.113,2.5,2.68,0.13298,0.1429,0.1428,0.15912,52.349,41.721
"2024-05-26 17:00:00",1841,12.03671,302,0,0.103,2.2,2.55,0.11706,0.13526,0.1248,0.14986,52.299,43.319
"2024-05-26 17:30:00",1842,12.03755,302,0,0.116,2.75,2.5,0.14586,0.13316,0.14977,0.14636,52.84,43.036
"2024-05-26 18:00:00",1843,12.03336,302,0,0.088,1.8,2.27,0.09528,0.12048,0.10846,0.14179,51.085,43.509
"2024-05-26 18:30:00",1844,12.00901,302,0,0.097,2.12,2.32,0.11197,0.12332,0.12758,0.14378,50.277,41.455
"2024-05-26 19:00:00",1845,12.03168,302,0,0.089,1.95,2.12,0.10388,0.11283,0.1162,0.13692,51.288,42.052
"2024-05-26 19:30:00",1846,12.03,302,0,0.083,1.8,2,0.09545,0.10647,0.11244,0.12908,50.479,41.666
"2024-05-26 20:00:00",1847,12.01825,302,0,0.072,1.57,1.73,0.08344,0.09228,0.09913,0.11914,51.938,41.724
"2024-05-26 20:30:00",1848,12.02748,302,0,0.069,1.55,1.6,0.08191,0.08488,0.09934,0.11502,51.59,41.268
"2024-05-26 21:00:00",1849,12.01825,302,0,0.064,1.45,1.48,0.07656,0.07875,0.09436,0.10955,50.86,41.215
"2024-05-26 21:30:00",1850,11.99642,302,0,0.065,1.57,1.38,0.08286,0.0737,0.09887,0.10508,50.986,40.919
"2024-05-26 22:00:00",1851,11.99054,302,0,0.054,1.22,1.22,0.0646,0.06448,0.08339,0.10146,52.995,40.858
"2024-05-26 22:30:00",1852,11.99138,302,0,0.056,1.32,1.22,0.07006,0.06502,0.08712,0.09968,51.546,41.065
"2024-05-26 23:00:00",1853,12.01237,302,0,0.052,1.17,1.18,0.06188,0.0625,0.08264,0.09504,50.871,42.208
"2024-05-26 23:30:00",1854,12.00397,302,0,0.048,1.1,1.07,0.05864,0.05642,0.07742,0.09202,50.906,40.278
"2024-05-27 00:00:00",1855,12.00901,302,0,0.052,1.2,1.18,0.06336,0.0625,0.08032,0.09748,50.897,41.514
"2024-05-27 00:30:00",1856,11.9981,302,0,0.051,1.18,1.12,0.063,0.05948,0.08686,0.09704,51.347,42.12
"2024-05-27 01:00:00",1857,12.00817,302,0,0.05,1.13,1.17,0.06001,0.06232,0.08264,0.09728,51.822,41.35
"2024-05-27 01:30:00",1858,12.00733,302,0,0.048,1.08,1.12,0.05746,0.05932,0.07462,0.0946,51.723,42.082
"2024-05-27 02:00:00",1859,12.00314,302,0,0.054,1.27,1.17,0.06724,0.06232,0.08574,0.09728,51.538,41.736
"2024-05-27 02:30:00",1860,12.00649,302,0,0.05,1.17,1.08,0.06202,0.05728,0.08072,0.09504,50.705,41.472
"2024-05-27 03:00:00",1861,11.98215,302,0,0.046,1.07,1.02,0.05649,0.05404,0.07542,0.09223,52.17,41.132
"2024-05-27 03:30:00",1862,12.0023,302,0,0.048,1.12,1.07,0.05921,0.05642,0.0762,0.09441,51.544,41.74
"2024-05-27 04:00:00",1863,11.99726,302,0,0.048,1.12,1.07,0.05966,0.05668,0.08032,0.0946,51.069,41.837
"2024-05-27 04:30:00",1864,11.99474,302,0,0.047,1.08,1.07,0.0579,0.05698,0.07869,0.09484,50.695,41.724
"2024-05-27 05:00:00",1865,12.00397,302,0,0.048,1.12,1.07,0.05947,0.05685,0.07824,0.0924,51.062,40.73
"2024-05-27 05:30:00",1866,11.9981,302,0,0.046,1.05,1.02,0.05581,0.05416,0.0768,0.0924,51.528,41.04
"2024-05-27 06:00:00",1867,12.00397,302,0,0.047,1.08,1.07,0.0577,0.05698,0.07667,0.09266,51.647,41.326
"2024-05-27 06:30:00",1868,11.98719,302,0,0.05,1.2,1.07,0.06329,0.05657,0.08553,0.09223,51.251,40.77
"2024-05-27 07:00:00",1869,11.97376,302,0,0.049,1.13,1.1,0.06036,0.05873,0.07742,0.09423,52.66,41.201
"2024-05-27 07:30:00",1870,11.99894,302,0,0.051,1.13,1.2,0.0606,0.0637,0.08128,0.09859,52.861,41.133
"2024-05-27 08:00:00",1871,12.0023,302,0,0.065,1.4,1.58,0.07451,0.08408,0.0897,0.11262,52.701,41.804
"2024-05-27 08:30:00",1872,11.99726,302,0,0.087,1.78,2.23,0.09473,0.11896,0.10042,0.13965,53.943,43.048
"2024-05-27 09:00:00",1873,12.00062,302,0,0.098,2.12,2.37,0.11274,0.12532,0.12234,0.14276,54.362,42.219
"2024-05-27 09:30:00",1874,11.98719,302,0,0.111,2.45,2.6,0.1304,0.13804,0.13676,0.15124,53.011,41.959
"2024-05-27 10:00:00",1875,11.98887,302,0,0.097,1.87,2.67,0.09936,0.14124,0.11297,0.15275,53.481,41.908
"2024-05-27 10:30:00",1876,11.97627,302,0,0.103,2.05,2.72,0.10876,0.14403,0.11498,0.15942,52.705,43.208
"2024-05-27 11:00:00",1877,12.00062,302,0,0.104,2,2.83,0.1064,0.15051,0.13302,0.16355,50.218,41.553
"2024-05-27 11:30:00",1878,12.00397,302,0,0.109,2.42,2.55,0.12824,0.1353,0.13803,0.1527,52.231,41.594
"2024-05-27 12:00:00",1879,11.99894,302,0,0.088,1.65,2.47,0.08796,0.13136,0.11916,0.15084,47.979,43.723
"2024-05-27 12:30:00",1880,11.99726,302,0,0.08,1.62,2.1,0.08611,0.11165,0.09528,0.13572,51.78,40.464
"2024-05-27 13:00:00",1881,11.98467,302,0,0.089,2.18,1.82,0.1159,0.09658,0.1423,0.1253,48.801,40.813
"2024-05-27 13:30:00",1882,11.97711,302,0,0.086,2.15,1.7,0.11402,0.09045,0.13631,0.11997,49.61,41.2
"2024-05-27 14:00:00",1883,11.98803,302,0,0.063,1.27,1.65,0.06704,0.08788,0.1156,0.11776,47.097,41.442
"2024-05-27 14:30:00",1884,11.99222,302,0,0.077,1.7,1.82,0.0899,0.09628,0.12734,0.12541,48.067,39.664
"2024-05-27 15:00:00",1885,11.96116,302,0,0.094,2.12,2.15,0.11256,0.11402,0.13752,0.13603,48.728,40.327
"2024-05-27 15:30:00",1886,11.98887,302,0,0.093,1.98,2.3,0.10552,0.12181,0.1393,0.14546,53.665,41.682
"2024-05-27 16:00:00",1887,11.98551,302,0,0.039,-0.06,2.18,-0.00415,0.11628,0.05828,0.13442,48.58,44.326
"2024-05-27 16:30:00",1888,11.97711,302,0,0.092,1.8,2.5,0.09584,0.1325,0.10136,0.15056,55.024,42.055
"2024-05-27 17:00:00",1889,11.98467,302,0,0.086,1.58,2.45,0.08364,0.13011,0.10532,0.14916,48.464,41.465
"2024-05-27 17:30:00",1890,11.98719,302,0,0.102,2.08,2.63,0.11098,0.13986,0.13136,0.15449,48.951,42.053
"2024-05-27 18:00:00",1891,11.9746,302,0,0.08,1.28,2.53,0.06848,0.13424,0.10208,0.15121,50.207,42.633
"2024-05-27 18:30:00",1892,11.99138,302,0,0.092,1.97,2.28,0.1045,0.12086,0.12959,0.14011,51.143,42.997
"2024-05-27 19:00:00",1893,11.97543,302,0,0.074,1.65,1.75,0.08786,0.09273,0.11154,0.12217,51.266,41.051
"2024-05-27 19:30:00",1894,11.98215,302,0,0.06,1.27,1.48,0.06695,0.07896,0.09473,0.11004,50.995,40.265
"2024-05-27 20:00:00",1895,11.95697,302,0,0.061,1.33,1.43,0.07044,0.0762,0.09969,0.11004,50.71,40.812
"2024-05-27 20:30:00",1896,11.97879,302,0,0.066,1.5,1.48,0.07948,0.07848,0.10388,0.1116,48.6,40.359
"2024-05-27 21:00:00",1897,11.9662,302,0,0.054,1.02,1.48,0.0538,0.07848,0.06858,0.1116,49.371,41.131
"2024-05-27 21:30:00",1898,11.96368,302,0,0.078,1.97,1.52,0.1043,0.08026,0.11272,0.1108,52.375,40.924
"2024-05-27 22:00:00",1899,11.97124,302,0,0.054,1.13,1.35,0.06044,0.07172,0.08947,0.10804,51.679,41.775
"2024-05-27 22:30:00",1900,11.93934,302,0,0.063,1.42,1.45,0.07552,0.07681,0.10494,0.10782,48.717,41.147
"2024-05-27 23:00:00",1901,11.96788,302,0,0.06,1.43,1.25,0.07618,0.06606,0.08666,0.10291,49.574,41.594
"2024-05-27 23:30:00",1902,11.96284,302,0,0.052,1.1,1.27,0.05845,0.06768,0.0916,0.10219,46.454,41.532
"2024-05-28 00:00:00",1903,11.95361,302,0,0.052,1.13,1.23,0.06026,0.06552,0.08883,0.10262,49.713,40.48
"2024-05-28 00:30:00",1904,11.95781,302,0,0.047,0.93,1.23,0.04964,0.06588,0.08032,0.10066,51.551,41.651
"2024-05-28 01:00:00",1905,11.95025,302,0,0.065,1.62,1.28,0.0856,0.06843,0.10676,0.10066,53.374,40.832
"2024-05-28 01:30:00",1906,11.94438,302,0,0.061,1.48,1.25,0.07842,0.0662,0.0999,0.10114,52.416,40.552
"2024-05-28 02:00:00",1907,11.95613,302,0,0.054,1.2,1.25,0.0641,0.0662,0.08271,0.10091,47.589,41.115
"2024-05-28 02:30:00",1908,11.94857,302,0,0.057,1.35,1.2,0.07192,0.06348,0.08924,0.0989,52.512,40.801
"2024-05-28 03:00:00",1909,11.95361,302,0,0.056,1.28,1.25,0.06802,0.0662,0.09273,0.10114,50.658,41.279
"2024-05-28 03:30:00",1910,11.95361,302,0,0.055,1.32,1.18,0.06989,0.06298,0.08698,0.0984,51.405,41.92
"2024-05-28 04:00:00",1911,11.95109,302,0,0.059,1.4,1.25,0.07408,0.06606,0.09087,0.0989,51.146,40.678
"2024-05-28 04:30:00",1912,11.94941,302,0,0.053,1.17,1.25,0.06157,0.06606,0.09316,0.10114,51.253,41.196
"2024-05-28 05:00:00",1913,11.94689,302,0,0.056,1.33,1.2,0.07059,0.0633,0.09298,0.09866,50.719,41.492
"2024-05-28 05:30:00",1914,11.94857,302,0,0.054,1.25,1.2,0.06606,0.06366,0.08712,0.09913,50.992,40.677
"2024-05-28 06:00:00",1915,11.94689,302,0,0.057,1.35,1.23,0.07136,0.06588,0.09019,0.09866,52.535,40.562
"2024-05-28 06:30:00",1916,11.94605,302,0,0.051,1.15,1.18,0.06135,0.06298,0.08766,0.0984,51.308,41.095
"2024-05-28 07:00:00",1917,11.93766,302,0,0.06,1.45,1.27,0.0768,0.06754,0.09545,0.10018,51.204,41.715
"2024-05-28 07:30:00",1918,11.93262,302,0,0.065,1.48,1.45,0.0786,0.07712,0.09878,0.10876,51.261,42.292
"2024-05-28 08:00:00",1919,11.94102,302,0,0.076,1.72,1.75,0.09146,0.09256,0.10936,0.12022,52.874,41.312
"2024-05-28 08:30:00",1920,11.94689,302,0,0.103,2.35,2.33,0.12457,0.12354,0.13424,0.14124,53.233,41.928
"2024-05-28 09:00:00",1921,11.9385,302,0,0.111,2.42,2.68,0.12806,0.14218,0.13576,0.15774,53.501,41.936
"2024-05-28 09:30:00",1922,11.94438,302,0,0.124,2.72,2.98,0.14418,0.15851,0.14934,0.16803,52.637,43.567
"2024-05-28 10:00:00",1923,11.94102,302,0,0.135,2.9,3.3,0.15412,0.17489,0.17152,0.17814,52.083,43.841
"2024-05-28 10:30:00",1924,11.94773,302,0,0.154,3.35,3.72,0.17797,0.19703,0.19123,0.1967,53.541,42.393
"2024-05-28 11:00:00",1925,11.94522,302,0,0.15,3.27,3.58,0.17368,0.18996,0.18547,0.1934,50.997,43.425
"2024-05-28 11:30:00",1926,11.94689,302,0,0.136,2.9,3.35,0.15386,0.17833,0.17124,0.18636,45.291,44.357
"2024-05-28 12:00:00",1927,11.94605,302,0,0.226,6,3.97,0.31844,0.21051,0.29314,0.20392,63.488,42.801
"2024-05-28 12:30:00",1928,11.95193,302,0,0.111,1.68,3.67,0.08904,0.1949,0.10562,0.19754,48.049,41.465
"2024-05-28 13:00:00",1929,11.94522,302,0,0.272,7.52,4.4,0.39898,0.23361,0.38694,0.21604,70.073,43.407
"2024-05-28 13:30:00",1930,11.92759,302,0,0.173,4,3.83,0.21233,0.20362,0.21244,0.19903,52.688,41.949
"2024-05-28 14:00:00",1931,11.95781,302,0,0.159,3.62,3.6,0.19199,0.19143,0.18676,0.19339,52.836,42.202
"2024-05-28 14:30:00",1932,11.94354,302,0,0.161,3.53,3.85,0.18806,0.20466,0.1916,0.2042,51.629,42.97
"2024-05-28 15:00:00",1933,11.95529,302,0,0.214,5.45,4.1,0.28958,0.21811,0.29234,0.21142,57.56,43.76
"2024-05-28 15:30:00",1934,11.94102,302,0,0.144,3.08,3.52,0.16418,0.18656,0.16859,0.1895,52.99,42.514
"2024-05-28 16:00:00",1935,11.9427,302,0,0.137,2.88,3.45,0.15289,0.18324,0.16034,0.18612,51.594,41.79
"2024-05-28 16:30:00",1936,11.95277,302,0,0.142,3.07,3.43,0.1625,0.18233,0.16717,0.18782,52.333,42.951
"2024-05-28 17:00:00",1937,11.93766,302,0,0.125,2.52,3.3,0.13378,0.17524,0.13872,0.1844,52.919,42.29
"2024-05-28 17:30:00",1938,11.95109,302,0,0.135,2.98,3.17,0.15848,0.16835,0.16856,0.17645,52.904,42.693
"2024-05-28 18:00:00",1939,11.93766,302,0,0.127,2.73,3.1,0.14494,0.16464,0.15238,0.17214,51.926,42.7
"2024-05-28 18:30:00",1940,11.94941,302,0,0.119,2.57,2.92,0.13617,0.15496,0.1436,0.16564,52.249,43.175
"2024-05-28 19:00:00",1941,11.94689,302,0,0.108,2.23,2.73,0.11845,0.14516,0.13226,0.16138,51.204,41.56
"2024-05-28 19:30:00",1942,11.92087,302,0,0.103,2.22,2.5,0.11753,0.13246,0.12599,0.14767,51.549,41.327
"2024-05-28 20:00:00",1943,11.9427,302,0,0.092,1.98,2.25,0.10576,0.11937,0.1182,0.14308,50.557,40.65
"2024-05-28 20:30:00",1944,11.9385,302,0,0.084,1.82,2.05,0.09624,0.10849,0.11154,0.13162,51.011,41.781
"2024-05-28 21:00:00",1945,11.92843,302,0,0.076,1.67,1.82,0.08868,0.0968,0.10279,0.12364,52.418,41.111
"2024-05-28 21:30:00",1946,11.9385,302,0,0.073,1.67,1.67,0.0889,0.08861,0.10279,0.1189,51.324,41.523
"2024-05-28 22:00:00",1947,11.93178,302,0,0.069,1.53,1.62,0.08145,0.08607,0.0976,0.11666,52.168,41.429
"2024-05-28 22:30:00",1948,11.91835,302,0,0.065,1.45,1.5,0.07686,0.08002,0.09514,0.11134,51.5,41.176
"2024-05-28 23:00:00",1949,11.90408,302,0,0.065,1.43,1.52,0.07618,0.08045,0.09458,0.1116,51.096,41.029
"2024-05-28 23:30:00",1950,11.91919,302,0,0.063,1.45,1.4,0.07671,0.0745,0.09492,0.10858,51.547,40.81
"2024-05-29 00:00:00",1951,11.91583,302,0,0.062,1.4,1.4,0.07438,0.07429,0.09281,0.10608,51.832,41.607
"2024-05-29 00:30:00",1952,11.88561,302,0,0.062,1.42,1.4,0.07482,0.0745,0.09316,0.10634,51.964,42.056
"2024-05-29 01:00:00",1953,11.91583,302,0,0.059,1.28,1.4,0.06816,0.07408,0.08698,0.10835,52.044,40.585
"2024-05-29 01:30:00",1954,11.91332,302,0,0.06,1.33,1.4,0.07044,0.07391,0.0873,0.10582,51.309,41.655
"2024-05-29 02:00:00",1955,11.87722,302,0,0.062,1.42,1.4,0.07499,0.07469,0.09172,0.10884,51.288,40.965
"2024-05-29 02:30:00",1956,11.90408,302,0,0.061,1.4,1.35,0.07452,0.07192,0.09118,0.10884,51.894,41.002
"2024-05-29 03:00:00",1957,11.89485,302,0,0.058,1.33,1.3,0.07117,0.06932,0.08992,0.10432,51.744,40.698
"2024-05-29 03:30:00",1958,11.90156,302,0,0.058,1.27,1.37,0.06734,0.07248,0.08812,0.10708,51.222,40.904
"2024-05-29 04:00:00",1959,11.89821,302,0,0.062,1.4,1.42,0.07394,0.07526,0.09623,0.10738,50.391,40.747
"2024-05-29 04:30:00",1960,11.89569,302,0,0.061,1.42,1.37,0.07526,0.07248,0.0919,0.10486,51.277,41.058
"2024-05-29 05:00:00",1961,11.8789,302,0,0.062,1.45,1.37,0.07656,0.07248,0.09514,0.10708,51.314,41.507
"2024-05-29 05:30:00",1962,11.89065,302,0,0.061,1.45,1.32,0.077,0.07009,0.09528,0.10508,51.086,41.175
"2024-05-29 06:00:00",1963,11.89233,302,0,0.062,1.47,1.35,0.07812,0.07192,0.09281,0.10662,51.496,40.443
"2024-05-29 06:30:00",1964,11.88897,302,0,0.063,1.47,1.4,0.07798,0.07429,0.0981,0.10662,51.542,41.894
"2024-05-29 07:00:00",1965,11.88729,302,0,0.07,1.6,1.58,0.08476,0.084,0.09913,0.11276,51.925,42.688
"2024-05-29 07:30:00",1966,11.8831,302,0,0.076,1.75,1.72,0.09273,0.09108,0.10347,0.11941,53.57,41.847
"2024-05-29 08:00:00",1967,11.8831,302,0,0.079,1.75,1.88,0.09334,0.09992,0.1042,0.12516,54.006,41.86
"2024-05-29 08:30:00",1968,11.88645,302,0,0.096,2.12,2.27,0.11264,0.12048,0.1246,0.14156,53.485,42.589
"2024-05-29 09:00:00",1969,11.88561,302,0,0.115,2.57,2.67,0.13655,0.14142,0.14049,0.15556,54.43,42.441
"2024-05-29 09:30:00",1970,11.88058,302,0,0.121,2.63,2.9,0.1395,0.15374,0.14693,0.16452,53.692,43.211
"2024-05-29 10:00:00",1971,11.88226,302,0,0.13,2.82,3.13,0.14985,0.16636,0.15496,0.17596,53.74,42.843
"2024-05-29 10:30:00",1972,11.89149,302,0,0.136,2.92,3.32,0.15474,0.17582,0.15773,0.18396,53.836,43.77
"2024-05-29 11:00:00",1973,11.86463,302,0,0.148,3.47,3.22,0.1842,0.17098,0.17888,0.17654,57.737,44.194
"2024-05-29 11:30:00",1974,11.86631,302,0,0.134,3.13,2.95,0.16626,0.1566,0.16435,0.16922,59,44.362
"2024-05-29 12:00:00",1975,11.89737,302,0,0.189,4.95,3.43,0.26267,0.18233,0.24676,0.18314,63.474,44.528
"2024-05-29 12:30:00",1976,11.90408,302,0,0.106,1.9,3.08,0.10068,0.16369,0.14766,0.17496,47.055,42.126
"2024-05-29 13:00:00",1977,11.90996,302,0,0.224,5.73,4.27,0.30484,0.22695,0.29456,0.21365,57.505,44.535
"2024-05-29 13:30:00",1978,11.89905,302,0,0.144,3.02,3.63,0.1604,0.19308,0.15684,0.1914,53.337,42.022
"2024-05-29 14:00:00",1979,11.9024,302,0,0.149,3.28,3.55,0.17452,0.18862,0.17463,0.19311,52.564,41.667
"2024-05-29 14:30:00",1980,11.90828,302,0,0.126,2.25,3.67,0.11906,0.195,0.13353,0.1952,49.635,41.8
"2024-05-29 15:00:00",1981,11.89485,302,0,0.112,1.77,3.6,0.09381,0.19106,0.12714,0.1906,50.041,43.038
"2024-05-29 15:30:00",1982,11.89401,302,0,0.153,3.42,3.58,0.18153,0.19014,0.18337,0.1914,50.88,41.644
"2024-05-29 16:00:00",1983,11.9066,302,0,0.15,3.32,3.55,0.17626,0.18829,0.17806,0.18842,51.289,40.136
"2024-05-29 16:30:00",1984,11.9024,302,0,0.139,3.1,3.23,0.16472,0.1717,0.16904,0.17628,51.885,43.062
"2024-05-29 17:00:00",1985,11.89821,302,0,0.12,2.52,3,0.13404,0.1592,0.14432,0.1709,51.112,41.614
"2024-05-29 17:30:00",1986,11.87134,302,0,0.108,2.33,2.62,0.12402,0.13898,0.13732,0.15376,52.108,41.463
"2024-05-29 18:00:00",1987,11.89653,302,0,0.077,1.45,2.17,0.077,0.11528,0.0919,0.13854,49.202,42.451
"2024-05-29 18:30:00",1988,11.89485,302,0,0.114,2.6,2.58,0.1377,0.1368,0.14869,0.15154,50.757,42.345
"2024-05-29 19:00:00",1989,11.89149,302,0,0.098,2.08,2.4,0.11054,0.12739,0.12296,0.14603,52.29,42.222
"2024-05-29 19:30:00",1990,11.88729,302,0,0.069,1.15,2.12,0.06114,0.11276,0.09566,0.13942,48.385,40.811
"2024-05-29 20:00:00",1991,11.88478,302,0,0.086,1.95,1.97,0.10344,0.10472,0.11467,0.1306,51.312,40.984
"2024-05-29 20:30:00",1992,11.87051,302,0,0.075,1.67,1.73,0.0889,0.09192,0.10298,0.11946,51.673,41.189
"2024-05-29 21:00:00",1993,11.87218,302,0,0.062,1.35,1.47,0.0713,0.07786,0.0919,0.10938,51.854,41.779
"2024-05-29 21:30:00",1994,11.86715,302,0,0.055,1.13,1.43,0.05998,0.07654,0.08468,0.11294,50.531,40.308
"2024-05-29 22:00:00",1995,11.86883,302,0,0.07,1.68,1.45,0.0891,0.07694,0.10274,0.1112,50.633,40.722
"2024-05-29 22:30:00",1996,11.86127,302,0,0.05,0.98,1.37,0.05236,0.0729,0.07747,0.10763,49.655,41.249
"2024-05-29 23:00:00",1997,11.85372,302,0,0.061,1.37,1.42,0.07278,0.07505,0.09316,0.1096,50.522,41.545
"2024-05-29 23:30:00",1998,11.85875,302,0,0.059,1.25,1.45,0.06598,0.07671,0.09055,0.1084,49.814,41.405
"2024-05-30 00:00:00",1999,11.85875,302,0,0.063,1.53,1.3,0.08109,0.06932,0.09582,0.10456,52.289,41.133
"2024-05-30 00:30:00",2000,11.85456,302,0,0.057,1.32,1.27,0.06964,0.06709,0.08665,0.10486,51.162,40.834
"2024-05-30 01:00:00",2001,11.85204,302,0,0.058,1.27,1.37,0.06734,0.0723,0.08634,0.10486,50.907,40.836
"2024-05-30 01:30:00",2002,11.8193,302,0,0.062,1.43,1.38,0.07574,0.0737,0.09423,0.10608,51.819,40.911
"2024-05-30 02:00:00",2003,11.83693,302,0,0.058,1.33,1.32,0.071,0.06989,0.08978,0.10256,51.313,41.243
"2024-05-30 02:30:00",2004,11.84196,302,0,0.064,1.57,1.28,0.0833,0.06822,0.09948,0.10356,51.316,40.829
"2024-05-30 03:00:00",2005,11.84029,302,0,0.059,1.37,1.28,0.07246,0.06784,0.09314,0.10077,50.248,41.426
"2024-05-30 03:30:00",2006,11.84112,302,0,0.056,1.33,1.22,0.07059,0.06448,0.08946,0.10031,51.353,40.871
"2024-05-30 04:00:00",2007,11.83441,302,0,0.056,1.3,1.22,0.06938,0.0647,0.08812,0.10283,51.379,40.893
"2024-05-30 04:30:00",2008,11.83357,302,0,0.057,1.3,1.27,0.06926,0.06709,0.08651,0.10031,51.562,41.081
"2024-05-30 05:00:00",2009,11.83609,302,0,0.054,1.22,1.22,0.06476,0.06448,0.08583,0.10283,51.083,41.019
"2024-05-30 05:30:00",2010,11.80923,302,0,0.056,1.33,1.2,0.07059,0.06416,0.08766,0.09782,51.989,41.346
"2024-05-30 06:00:00",2011,11.83105,302,0,0.061,1.5,1.22,0.0794,0.06448,0.09638,0.10054,52.043,41.973
"2024-05-30 06:30:00",2012,11.82853,302,0,0.057,1.33,1.25,0.07087,0.06656,0.09154,0.0998,51.308,41.507
"2024-05-30 07:00:00",2013,11.82266,302,0,0.066,1.53,1.45,0.08159,0.07681,0.0981,0.10908,51.436,41.785
"2024-05-30 07:30:00",2014,11.83021,302,0,0.08,2,1.6,0.10638,0.08532,0.11666,0.11408,52.343,42.693
"2024-05-30 08:00:00",2015,11.82601,302,0,0.071,1.63,1.6,0.08718,0.08532,0.10368,0.11636,53.835,41.435
"2024-05-30 08:30:00",2016,11.82601,302,0,0.078,1.8,1.72,0.09546,0.09092,0.1035,0.11992,54.832,42.947
"2024-05-30 09:00:00",2017,11.82853,302,0,0.088,1.98,2.03,0.10515,0.1084,0.11345,0.13227,54.514,42.531
"2024-05-30 09:30:00",2018,11.83105,302,0,0.082,1.63,2.18,0.0868,0.1156,0.11666,0.13412,51.317,42.494
"2024-05-30 10:00:00",2019,11.8193,302,0,0.091,1.85,2.35,0.0986,0.12516,0.12743,0.14767,48.854,41.953
"2024-05-30 10:30:00",2020,11.82266,302,0,0.097,1.88,2.63,0.09978,0.14008,0.11972,0.15412,49.281,41.706
"2024-05-30 11:00:00",2021,11.83525,302,0,0.122,2.75,2.82,0.14641,0.14991,0.16262,0.15978,49.921,43.172
"2024-05-30 11:30:00",2022,11.80335,302,0,0.116,2.42,2.93,0.128,0.15609,0.1447,0.1655,52.36,43.692
"2024-05-30 12:00:00",2023,11.83861,302,0,0.214,6,3.33,0.31858,0.17694,0.30939,0.17729,60.357,42.807
"2024-05-30 12:30:00",2024,11.83693,302,0,0.054,0.05,2.82,0.00286,0.14985,0.05755,0.16864,37.368,40.33
"2024-05-30 13:00:00",2025,11.84784,302,0,-0.044,-3.86,2.78,-0.20653,0.14767,-0.14067,0.16902,50.807,41.981
"2024-05-30 13:30:00",2026,11.84029,302,0,0.15,3.3,3.53,0.17544,0.18781,0.18233,0.18976,52.88,42.395
"2024-05-30 14:00:00",2027,11.84448,302,0,0.15,3.33,3.53,0.17706,0.18731,0.16167,0.18934,48.565,42.232
"2024-05-30 14:30:00",2028,11.83189,302,0,0.125,2.35,3.5,0.1249,0.18578,0.15868,0.18754,48.011,42.767
"2024-05-30 15:00:00",2029,11.84112,302,0,0.14,3.08,3.32,0.16346,0.17654,0.17015,0.18144,51.896,42.656
"2024-05-30 15:30:00",2030,11.81006,302,0,0.139,3,3.4,0.15903,0.18084,0.16567,0.18968,53.143,41.825
"2024-05-30 16:00:00",2031,11.84112,302,0,0.17,4.08,3.55,0.21722,0.18824,0.2387,0.19074,55.083,43.343
"2024-05-30 16:30:00",2032,11.84029,302,0,0.146,3.32,3.32,0.17654,0.17654,0.17483,0.18404,53.998,43.105
"2024-05-30 17:00:00",2033,11.83945,302,0,0.127,2.62,3.27,0.1386,0.17354,0.14501,0.17797,52.931,42.445
"2024-05-30 17:30:00",2034,11.84196,302,0,0.146,3.37,3.28,0.17878,0.17458,0.19025,0.17714,52.31,43.069
"2024-05-30 18:00:00",2035,11.83861,302,0,0.127,2.78,3.02,0.14809,0.1599,0.15187,0.171,52.052,42.394
"2024-05-30 18:30:00",2036,11.83693,302,0,0.12,2.58,2.9,0.13739,0.15412,0.14407,0.16524,49.694,41.963
"2024-05-30 19:00:00",2037,11.83021,302,0,0.11,2.37,2.7,0.126,0.14328,0.13631,0.15822,52.722,42.082
"2024-05-30 19:30:00",2038,11.8235,302,0,0.102,2.2,2.47,0.11706,0.1306,0.1294,0.14893,51.211,41.971
